"post_id","seo_slug","image_file","image_url","platform","scheduled_date","scheduled_time","caption","first_comment","alt_text","engagement_question","category","utm_source","utm_medium","utm_campaign","utm_content"
"01","ai-agent-hire-2026-waseem-nasir-nomad-ceo","ai-agent-hire-2026-waseem-nasir-nomad-ceo.png","[GHL_CDN_URL]/ai-agent-hire-2026-waseem-nasir-nomad-ceo.png","Instagram","05/01/2026","18:00","In 2026, not hiring an AI agent is like refusing email in 2005.

Cheap. Never sleeps. Learns your style in an afternoon.

Which task would you hand off first? ⬇️

🤖 Designed by Claude Code · auto-published via GoHighLevel + n8n. Zero manual clicks.

#Skynetlabs #Waseemnasir #NomadCEO #AIAutomation #BuildInPublic #AIAgents #FounderLife #Solopreneur #AI2026 #SmallBusinessTips #AutomationForBusiness","More systems like this → https://skynetjoe.com/?utm_source=social&utm_medium=post&utm_campaign=batch2&utm_content=ai-agent-hire-2026-waseem-nasir-nomad-ceo

Drop questions below, I reply to every one. — Waseem","Waseem Nasir premium social post: In 2026, not hiring an AI agent is like refusing email in 2005. Nomad CEO brand · Skynetlabs · designed by Claude Code · automated via GoHighLevel and n8n.","Which task would you hand off first?","ai-agent-automation-2026","ghl","instagram","batch2-viral-20","ai-agent-hire-2026-waseem-nasir-nomad-ceo"
"01","ai-agent-hire-2026-waseem-nasir-nomad-ceo","ai-agent-hire-2026-waseem-nasir-nomad-ceo.png","[GHL_CDN_URL]/ai-agent-hire-2026-waseem-nasir-nomad-ceo.png","LinkedIn","05/01/2026","09:00","In 2026, not hiring an AI agent is like refusing email in 2005.

Cheap. Never sleeps. Learns your style in an afternoon.

Which task would you hand off first?

🤖 Designed by Claude Code · auto-published via GoHighLevel + n8n. Zero manual clicks.

#Skynetlabs #Waseemnasir #NomadCEO #AIAutomation #BuildInPublic","More systems like this → https://skynetjoe.com/?utm_source=social&utm_medium=post&utm_campaign=batch2&utm_content=ai-agent-hire-2026-waseem-nasir-nomad-ceo

Drop questions below, I reply to every one. — Waseem","Waseem Nasir premium social post: In 2026, not hiring an AI agent is like refusing email in 2005. Nomad CEO brand · Skynetlabs · designed by Claude Code · automated via GoHighLevel and n8n.","Which task would you hand off first?","ai-agent-automation-2026","ghl","linkedin","batch2-viral-20","ai-agent-hire-2026-waseem-nasir-nomad-ceo"
"01","ai-agent-hire-2026-waseem-nasir-nomad-ceo","ai-agent-hire-2026-waseem-nasir-nomad-ceo.png","[GHL_CDN_URL]/ai-agent-hire-2026-waseem-nasir-nomad-ceo.png","Facebook","05/01/2026","19:00","In 2026, not hiring an AI agent is like refusing email in 2005.

Cheap. Never sleeps. Learns your style in an afternoon.

Which task would you hand off first? 👇

🤖 Designed by Claude Code · auto-published via GoHighLevel + n8n. Zero manual clicks.

#Skynetlabs #Waseemnasir #NomadCEO","","Waseem Nasir premium social post: In 2026, not hiring an AI agent is like refusing email in 2005. Nomad CEO brand · Skynetlabs · designed by Claude Code · automated via GoHighLevel and n8n.","Which task would you hand off first?","ai-agent-automation-2026","ghl","facebook","batch2-viral-20","ai-agent-hire-2026-waseem-nasir-nomad-ceo"
"01","ai-agent-hire-2026-waseem-nasir-nomad-ceo","ai-agent-hire-2026-waseem-nasir-nomad-ceo.png","[GHL_CDN_URL]/ai-agent-hire-2026-waseem-nasir-nomad-ceo.png","Twitter","05/01/2026","12:00","In 2026, not hiring an AI agent is like refusing email in 2005.

Which task would you hand off first?

#Skynetlabs #Waseemnasir","","Waseem Nasir premium social post: In 2026, not hiring an AI agent is like refusing email in 2005. Nomad CEO brand · Skynetlabs · designed by Claude Code · automated via GoHighLevel and n8n.","Which task would you hand off first?","ai-agent-automation-2026","ghl","twitter","batch2-viral-20","ai-agent-hire-2026-waseem-nasir-nomad-ceo"
"01","ai-agent-hire-2026-waseem-nasir-nomad-ceo","ai-agent-hire-2026-waseem-nasir-nomad-ceo.png","[GHL_CDN_URL]/ai-agent-hire-2026-waseem-nasir-nomad-ceo.png","Pinterest","05/01/2026","20:00","In 2026, not hiring an AI agent is like refusing email in 2005. — Cheap. Never sleeps. Learns your style in an afternoon. Which task would you hand off first? Designed by Claude Code, auto-published via GoHighLevel + n8n. #Skynetlabs #Waseemnasir #NomadCEO","","Waseem Nasir premium social post: In 2026, not hiring an AI agent is like refusing email in 2005. Nomad CEO brand · Skynetlabs · designed by Claude Code · automated via GoHighLevel and n8n.","Which task would you hand off first?","ai-agent-automation-2026","ghl","pinterest","batch2-viral-20","ai-agent-hire-2026-waseem-nasir-nomad-ceo"
"02","sleep-8-hours-agents-work-24-ai-automation","sleep-8-hours-agents-work-24-ai-automation.png","[GHL_CDN_URL]/sleep-8-hours-agents-work-24-ai-automation.png","Instagram","05/02/2026","18:00","I sleep 8 hours. My agents work 24.

If your business stops when you stop — you have a job, not a business.

What did your agents ship while you slept? ⬇️

🤖 Designed by Claude Code · auto-published via GoHighLevel + n8n. Zero manual clicks.

#Skynetlabs #Waseemnasir #NomadCEO #AIAgents #n8n #FounderLife #PassiveIncome #AutomationForBusiness #Solopreneur #BuildInPublic #AI2026","More systems like this → https://skynetjoe.com/?utm_source=social&utm_medium=post&utm_campaign=batch2&utm_content=sleep-8-hours-agents-work-24-ai-automation

Drop questions below, I reply to every one. — Waseem","Waseem Nasir premium social post: I sleep 8 hours. My agents work 24. Nomad CEO brand · Skynetlabs · designed by Claude Code · automated via GoHighLevel and n8n.","What did your agents ship while you slept?","24-7-agents-automation","ghl","instagram","batch2-viral-20","sleep-8-hours-agents-work-24-ai-automation"
"02","sleep-8-hours-agents-work-24-ai-automation","sleep-8-hours-agents-work-24-ai-automation.png","[GHL_CDN_URL]/sleep-8-hours-agents-work-24-ai-automation.png","LinkedIn","05/02/2026","09:00","I sleep 8 hours. My agents work 24.

If your business stops when you stop — you have a job, not a business.

What did your agents ship while you slept?

🤖 Designed by Claude Code · auto-published via GoHighLevel + n8n. Zero manual clicks.

#Skynetlabs #Waseemnasir #NomadCEO #AIAgents #n8n","More systems like this → https://skynetjoe.com/?utm_source=social&utm_medium=post&utm_campaign=batch2&utm_content=sleep-8-hours-agents-work-24-ai-automation

Drop questions below, I reply to every one. — Waseem","Waseem Nasir premium social post: I sleep 8 hours. My agents work 24. Nomad CEO brand · Skynetlabs · designed by Claude Code · automated via GoHighLevel and n8n.","What did your agents ship while you slept?","24-7-agents-automation","ghl","linkedin","batch2-viral-20","sleep-8-hours-agents-work-24-ai-automation"
"02","sleep-8-hours-agents-work-24-ai-automation","sleep-8-hours-agents-work-24-ai-automation.png","[GHL_CDN_URL]/sleep-8-hours-agents-work-24-ai-automation.png","Facebook","05/02/2026","19:00","I sleep 8 hours. My agents work 24.

If your business stops when you stop — you have a job, not a business.

What did your agents ship while you slept? 👇

🤖 Designed by Claude Code · auto-published via GoHighLevel + n8n. Zero manual clicks.

#Skynetlabs #Waseemnasir #NomadCEO","","Waseem Nasir premium social post: I sleep 8 hours. My agents work 24. Nomad CEO brand · Skynetlabs · designed by Claude Code · automated via GoHighLevel and n8n.","What did your agents ship while you slept?","24-7-agents-automation","ghl","facebook","batch2-viral-20","sleep-8-hours-agents-work-24-ai-automation"
"02","sleep-8-hours-agents-work-24-ai-automation","sleep-8-hours-agents-work-24-ai-automation.png","[GHL_CDN_URL]/sleep-8-hours-agents-work-24-ai-automation.png","Twitter","05/02/2026","12:00","I sleep 8 hours. My agents work 24.

What did your agents ship while you slept?

#Skynetlabs #Waseemnasir","","Waseem Nasir premium social post: I sleep 8 hours. My agents work 24. Nomad CEO brand · Skynetlabs · designed by Claude Code · automated via GoHighLevel and n8n.","What did your agents ship while you slept?","24-7-agents-automation","ghl","twitter","batch2-viral-20","sleep-8-hours-agents-work-24-ai-automation"
"02","sleep-8-hours-agents-work-24-ai-automation","sleep-8-hours-agents-work-24-ai-automation.png","[GHL_CDN_URL]/sleep-8-hours-agents-work-24-ai-automation.png","Pinterest","05/02/2026","20:00","I sleep 8 hours. My agents work 24. — If your business stops when you stop — you have a job, not a business. What did your agents ship while you slept? Designed by Claude Code, auto-published via GoHighLevel + n8n. #Skynetlabs #Waseemnasir #NomadCEO","","Waseem Nasir premium social post: I sleep 8 hours. My agents work 24. Nomad CEO brand · Skynetlabs · designed by Claude Code · automated via GoHighLevel and n8n.","What did your agents ship while you slept?","24-7-agents-automation","ghl","pinterest","batch2-viral-20","sleep-8-hours-agents-work-24-ai-automation"
"03","busy-vs-productive-founder-leverage-2026","busy-vs-productive-founder-leverage-2026.png","[GHL_CDN_URL]/busy-vs-productive-founder-leverage-2026.png","Instagram","05/03/2026","18:00","Everyone's busy. Nobody's productive.

Inbox zero = symptom. 50 meetings = friction. Grinding without systems = avoidance.

What were you busy with last week that produced nothing? ⬇️

🤖 Designed by Claude Code · auto-published via GoHighLevel + n8n. Zero manual clicks.

#Skynetlabs #Waseemnasir #NomadCEO #Productivity #FounderLife #AntiHustle #DeepWork #Solopreneur #BuildInPublic #TimeManagement","More systems like this → https://skynetjoe.com/?utm_source=social&utm_medium=post&utm_campaign=batch2&utm_content=busy-vs-productive-founder-leverage-2026

Drop questions below, I reply to every one. — Waseem","Waseem Nasir premium social post: Everyone's busy. Nobody's productive. Nomad CEO brand · Skynetlabs · designed by Claude Code · automated via GoHighLevel and n8n.","What were you busy with last week that produced nothing?","productivity-vs-busy","ghl","instagram","batch2-viral-20","busy-vs-productive-founder-leverage-2026"
"03","busy-vs-productive-founder-leverage-2026","busy-vs-productive-founder-leverage-2026.png","[GHL_CDN_URL]/busy-vs-productive-founder-leverage-2026.png","LinkedIn","05/03/2026","09:00","Everyone's busy. Nobody's productive.

Inbox zero = symptom. 50 meetings = friction. Grinding without systems = avoidance.

What were you busy with last week that produced nothing?

🤖 Designed by Claude Code · auto-published via GoHighLevel + n8n. Zero manual clicks.

#Skynetlabs #Waseemnasir #NomadCEO #Productivity #FounderLife","More systems like this → https://skynetjoe.com/?utm_source=social&utm_medium=post&utm_campaign=batch2&utm_content=busy-vs-productive-founder-leverage-2026

Drop questions below, I reply to every one. — Waseem","Waseem Nasir premium social post: Everyone's busy. Nobody's productive. Nomad CEO brand · Skynetlabs · designed by Claude Code · automated via GoHighLevel and n8n.","What were you busy with last week that produced nothing?","productivity-vs-busy","ghl","linkedin","batch2-viral-20","busy-vs-productive-founder-leverage-2026"
"03","busy-vs-productive-founder-leverage-2026","busy-vs-productive-founder-leverage-2026.png","[GHL_CDN_URL]/busy-vs-productive-founder-leverage-2026.png","Facebook","05/03/2026","19:00","Everyone's busy. Nobody's productive.

Inbox zero = symptom. 50 meetings = friction. Grinding without systems = avoidance.

What were you busy with last week that produced nothing? 👇

🤖 Designed by Claude Code · auto-published via GoHighLevel + n8n. Zero manual clicks.

#Skynetlabs #Waseemnasir #NomadCEO","","Waseem Nasir premium social post: Everyone's busy. Nobody's productive. Nomad CEO brand · Skynetlabs · designed by Claude Code · automated via GoHighLevel and n8n.","What were you busy with last week that produced nothing?","productivity-vs-busy","ghl","facebook","batch2-viral-20","busy-vs-productive-founder-leverage-2026"
"03","busy-vs-productive-founder-leverage-2026","busy-vs-productive-founder-leverage-2026.png","[GHL_CDN_URL]/busy-vs-productive-founder-leverage-2026.png","Twitter","05/03/2026","12:00","Everyone's busy. Nobody's productive.

What were you busy with last week that produced nothing?

#Skynetlabs #Waseemnasir","","Waseem Nasir premium social post: Everyone's busy. Nobody's productive. Nomad CEO brand · Skynetlabs · designed by Claude Code · automated via GoHighLevel and n8n.","What were you busy with last week that produced nothing?","productivity-vs-busy","ghl","twitter","batch2-viral-20","busy-vs-productive-founder-leverage-2026"
"03","busy-vs-productive-founder-leverage-2026","busy-vs-productive-founder-leverage-2026.png","[GHL_CDN_URL]/busy-vs-productive-founder-leverage-2026.png","Pinterest","05/03/2026","20:00","Everyone's busy. Nobody's productive. — Inbox zero = symptom. 50 meetings = friction. Grinding without systems = avoidance. What were you busy with last week that produced nothing? Designed by Claude Code, auto-published via GoHighLevel + n8n. #Skynetlabs #Waseemnasir #NomadCEO","","Waseem Nasir premium social post: Everyone's busy. Nobody's productive. Nomad CEO brand · Skynetlabs · designed by Claude Code · automated via GoHighLevel and n8n.","What were you busy with last week that produced nothing?","productivity-vs-busy","ghl","pinterest","batch2-viral-20","busy-vs-productive-founder-leverage-2026"
"04","more-agents-not-more-hours-ai-automation","more-agents-not-more-hours-ai-automation.png","[GHL_CDN_URL]/more-agents-not-more-hours-ai-automation.png","Instagram","05/04/2026","18:00","You don't need more hours. You need more agents.

Founders winning in 2026 run 16-agent stacks and work 4 hours a day.

How many hours a week are you trading for agent-tasks? ⬇️

🤖 Designed by Claude Code · auto-published via GoHighLevel + n8n. Zero manual clicks.

#Skynetlabs #Waseemnasir #NomadCEO #AIAutomation #Leverage #FounderLife #AIAgents #Solopreneur #BuildInPublic #AI2026","More systems like this → https://skynetjoe.com/?utm_source=social&utm_medium=post&utm_campaign=batch2&utm_content=more-agents-not-more-hours-ai-automation

Drop questions below, I reply to every one. — Waseem","Waseem Nasir premium social post: You don't need more hours. You need more agents. Nomad CEO brand · Skynetlabs · designed by Claude Code · automated via GoHighLevel and n8n.","How many hours a week are you trading for agent-tasks?","more-agents-less-hours","ghl","instagram","batch2-viral-20","more-agents-not-more-hours-ai-automation"
"04","more-agents-not-more-hours-ai-automation","more-agents-not-more-hours-ai-automation.png","[GHL_CDN_URL]/more-agents-not-more-hours-ai-automation.png","LinkedIn","05/04/2026","09:00","You don't need more hours. You need more agents.

Founders winning in 2026 run 16-agent stacks and work 4 hours a day.

How many hours a week are you trading for agent-tasks?

🤖 Designed by Claude Code · auto-published via GoHighLevel + n8n. Zero manual clicks.

#Skynetlabs #Waseemnasir #NomadCEO #AIAutomation #Leverage","More systems like this → https://skynetjoe.com/?utm_source=social&utm_medium=post&utm_campaign=batch2&utm_content=more-agents-not-more-hours-ai-automation

Drop questions below, I reply to every one. — Waseem","Waseem Nasir premium social post: You don't need more hours. You need more agents. Nomad CEO brand · Skynetlabs · designed by Claude Code · automated via GoHighLevel and n8n.","How many hours a week are you trading for agent-tasks?","more-agents-less-hours","ghl","linkedin","batch2-viral-20","more-agents-not-more-hours-ai-automation"
"04","more-agents-not-more-hours-ai-automation","more-agents-not-more-hours-ai-automation.png","[GHL_CDN_URL]/more-agents-not-more-hours-ai-automation.png","Facebook","05/04/2026","19:00","You don't need more hours. You need more agents.

Founders winning in 2026 run 16-agent stacks and work 4 hours a day.

How many hours a week are you trading for agent-tasks? 👇

🤖 Designed by Claude Code · auto-published via GoHighLevel + n8n. Zero manual clicks.

#Skynetlabs #Waseemnasir #NomadCEO","","Waseem Nasir premium social post: You don't need more hours. You need more agents. Nomad CEO brand · Skynetlabs · designed by Claude Code · automated via GoHighLevel and n8n.","How many hours a week are you trading for agent-tasks?","more-agents-less-hours","ghl","facebook","batch2-viral-20","more-agents-not-more-hours-ai-automation"
"04","more-agents-not-more-hours-ai-automation","more-agents-not-more-hours-ai-automation.png","[GHL_CDN_URL]/more-agents-not-more-hours-ai-automation.png","Twitter","05/04/2026","12:00","You don't need more hours. You need more agents.

How many hours a week are you trading for agent-tasks?

#Skynetlabs #Waseemnasir","","Waseem Nasir premium social post: You don't need more hours. You need more agents. Nomad CEO brand · Skynetlabs · designed by Claude Code · automated via GoHighLevel and n8n.","How many hours a week are you trading for agent-tasks?","more-agents-less-hours","ghl","twitter","batch2-viral-20","more-agents-not-more-hours-ai-automation"
"04","more-agents-not-more-hours-ai-automation","more-agents-not-more-hours-ai-automation.png","[GHL_CDN_URL]/more-agents-not-more-hours-ai-automation.png","Pinterest","05/04/2026","20:00","You don't need more hours. You need more agents. — Founders winning in 2026 run 16-agent stacks and work 4 hours a day. How many hours a week are you trading for agent-tasks? Designed by Claude Code, auto-published via GoHighLevel + n8n. #Skynetlabs #Waseemnasir #NomadCEO","","Waseem Nasir premium social post: You don't need more hours. You need more agents. Nomad CEO brand · Skynetlabs · designed by Claude Code · automated via GoHighLevel and n8n.","How many hours a week are you trading for agent-tasks?","more-agents-less-hours","ghl","pinterest","batch2-viral-20","more-agents-not-more-hours-ai-automation"
"05","todo-list-ai-prompt-list-n8n-workflow","todo-list-ai-prompt-list-n8n-workflow.png","[GHL_CDN_URL]/todo-list-ai-prompt-list-n8n-workflow.png","Instagram","05/05/2026","18:00","Your to-do list is your AI's prompt list.

Every repeating task = workflow. Every 'next week' = cron job.

If your to-do list was a prompt, what's task #1? ⬇️

🤖 Designed by Claude Code · auto-published via GoHighLevel + n8n. Zero manual clicks.

#Skynetlabs #Waseemnasir #NomadCEO #PromptEngineering #n8n #AIAutomation #NoCode #AIAgents #Productivity #AI2026","More systems like this → https://skynetjoe.com/?utm_source=social&utm_medium=post&utm_campaign=batch2&utm_content=todo-list-ai-prompt-list-n8n-workflow

Drop questions below, I reply to every one. — Waseem","Waseem Nasir premium social post: Your to-do list is your AI's prompt list. Nomad CEO brand · Skynetlabs · designed by Claude Code · automated via GoHighLevel and n8n.","If your to-do list was a prompt, what's task #1?","todo-as-prompt","ghl","instagram","batch2-viral-20","todo-list-ai-prompt-list-n8n-workflow"
"05","todo-list-ai-prompt-list-n8n-workflow","todo-list-ai-prompt-list-n8n-workflow.png","[GHL_CDN_URL]/todo-list-ai-prompt-list-n8n-workflow.png","LinkedIn","05/05/2026","09:00","Your to-do list is your AI's prompt list.

Every repeating task = workflow. Every 'next week' = cron job.

If your to-do list was a prompt, what's task #1?

🤖 Designed by Claude Code · auto-published via GoHighLevel + n8n. Zero manual clicks.

#Skynetlabs #Waseemnasir #NomadCEO #PromptEngineering #n8n","More systems like this → https://skynetjoe.com/?utm_source=social&utm_medium=post&utm_campaign=batch2&utm_content=todo-list-ai-prompt-list-n8n-workflow

Drop questions below, I reply to every one. — Waseem","Waseem Nasir premium social post: Your to-do list is your AI's prompt list. Nomad CEO brand · Skynetlabs · designed by Claude Code · automated via GoHighLevel and n8n.","If your to-do list was a prompt, what's task #1?","todo-as-prompt","ghl","linkedin","batch2-viral-20","todo-list-ai-prompt-list-n8n-workflow"
"05","todo-list-ai-prompt-list-n8n-workflow","todo-list-ai-prompt-list-n8n-workflow.png","[GHL_CDN_URL]/todo-list-ai-prompt-list-n8n-workflow.png","Facebook","05/05/2026","19:00","Your to-do list is your AI's prompt list.

Every repeating task = workflow. Every 'next week' = cron job.

If your to-do list was a prompt, what's task #1? 👇

🤖 Designed by Claude Code · auto-published via GoHighLevel + n8n. Zero manual clicks.

#Skynetlabs #Waseemnasir #NomadCEO","","Waseem Nasir premium social post: Your to-do list is your AI's prompt list. Nomad CEO brand · Skynetlabs · designed by Claude Code · automated via GoHighLevel and n8n.","If your to-do list was a prompt, what's task #1?","todo-as-prompt","ghl","facebook","batch2-viral-20","todo-list-ai-prompt-list-n8n-workflow"
"05","todo-list-ai-prompt-list-n8n-workflow","todo-list-ai-prompt-list-n8n-workflow.png","[GHL_CDN_URL]/todo-list-ai-prompt-list-n8n-workflow.png","Twitter","05/05/2026","12:00","Your to-do list is your AI's prompt list.

If your to-do list was a prompt, what's task #1?

#Skynetlabs #Waseemnasir","","Waseem Nasir premium social post: Your to-do list is your AI's prompt list. Nomad CEO brand · Skynetlabs · designed by Claude Code · automated via GoHighLevel and n8n.","If your to-do list was a prompt, what's task #1?","todo-as-prompt","ghl","twitter","batch2-viral-20","todo-list-ai-prompt-list-n8n-workflow"
"05","todo-list-ai-prompt-list-n8n-workflow","todo-list-ai-prompt-list-n8n-workflow.png","[GHL_CDN_URL]/todo-list-ai-prompt-list-n8n-workflow.png","Pinterest","05/05/2026","20:00","Your to-do list is your AI's prompt list. — Every repeating task = workflow. Every 'next week' = cron job. If your to-do list was a prompt, what's task #1? Designed by Claude Code, auto-published via GoHighLevel + n8n. #Skynetlabs #Waseemnasir #NomadCEO","","Waseem Nasir premium social post: Your to-do list is your AI's prompt list. Nomad CEO brand · Skynetlabs · designed by Claude Code · automated via GoHighLevel and n8n.","If your to-do list was a prompt, what's task #1?","todo-as-prompt","ghl","pinterest","batch2-viral-20","todo-list-ai-prompt-list-n8n-workflow"
"06","linkedin-free-personal-brand-growth-2026","linkedin-free-personal-brand-growth-2026.png","[GHL_CDN_URL]/linkedin-free-personal-brand-growth-2026.png","Instagram","05/06/2026","18:00","LinkedIn is free. Most still can't use it.

900M users. Lowest competition. Organic reach still works.

What free tool are you underusing? ⬇️

🤖 Designed by Claude Code · auto-published via GoHighLevel + n8n. Zero manual clicks.

#Skynetlabs #Waseemnasir #NomadCEO #LinkedInGrowth #PersonalBrand #ContentStrategy #Solopreneur #LinkedInTips #B2BMarketing #FounderLife","More systems like this → https://skynetjoe.com/?utm_source=social&utm_medium=post&utm_campaign=batch2&utm_content=linkedin-free-personal-brand-growth-2026

Drop questions below, I reply to every one. — Waseem","Waseem Nasir premium social post: LinkedIn is free. Most still can't use it. Nomad CEO brand · Skynetlabs · designed by Claude Code · automated via GoHighLevel and n8n.","What free tool are you underusing?","linkedin-underused","ghl","instagram","batch2-viral-20","linkedin-free-personal-brand-growth-2026"
"06","linkedin-free-personal-brand-growth-2026","linkedin-free-personal-brand-growth-2026.png","[GHL_CDN_URL]/linkedin-free-personal-brand-growth-2026.png","LinkedIn","05/06/2026","09:00","LinkedIn is free. Most still can't use it.

900M users. Lowest competition. Organic reach still works.

What free tool are you underusing?

🤖 Designed by Claude Code · auto-published via GoHighLevel + n8n. Zero manual clicks.

#Skynetlabs #Waseemnasir #NomadCEO #LinkedInGrowth #PersonalBrand","More systems like this → https://skynetjoe.com/?utm_source=social&utm_medium=post&utm_campaign=batch2&utm_content=linkedin-free-personal-brand-growth-2026

Drop questions below, I reply to every one. — Waseem","Waseem Nasir premium social post: LinkedIn is free. Most still can't use it. Nomad CEO brand · Skynetlabs · designed by Claude Code · automated via GoHighLevel and n8n.","What free tool are you underusing?","linkedin-underused","ghl","linkedin","batch2-viral-20","linkedin-free-personal-brand-growth-2026"
"06","linkedin-free-personal-brand-growth-2026","linkedin-free-personal-brand-growth-2026.png","[GHL_CDN_URL]/linkedin-free-personal-brand-growth-2026.png","Facebook","05/06/2026","19:00","LinkedIn is free. Most still can't use it.

900M users. Lowest competition. Organic reach still works.

What free tool are you underusing? 👇

🤖 Designed by Claude Code · auto-published via GoHighLevel + n8n. Zero manual clicks.

#Skynetlabs #Waseemnasir #NomadCEO","","Waseem Nasir premium social post: LinkedIn is free. Most still can't use it. Nomad CEO brand · Skynetlabs · designed by Claude Code · automated via GoHighLevel and n8n.","What free tool are you underusing?","linkedin-underused","ghl","facebook","batch2-viral-20","linkedin-free-personal-brand-growth-2026"
"06","linkedin-free-personal-brand-growth-2026","linkedin-free-personal-brand-growth-2026.png","[GHL_CDN_URL]/linkedin-free-personal-brand-growth-2026.png","Twitter","05/06/2026","12:00","LinkedIn is free. Most still can't use it.

What free tool are you underusing?

#Skynetlabs #Waseemnasir","","Waseem Nasir premium social post: LinkedIn is free. Most still can't use it. Nomad CEO brand · Skynetlabs · designed by Claude Code · automated via GoHighLevel and n8n.","What free tool are you underusing?","linkedin-underused","ghl","twitter","batch2-viral-20","linkedin-free-personal-brand-growth-2026"
"06","linkedin-free-personal-brand-growth-2026","linkedin-free-personal-brand-growth-2026.png","[GHL_CDN_URL]/linkedin-free-personal-brand-growth-2026.png","Pinterest","05/06/2026","20:00","LinkedIn is free. Most still can't use it. — 900M users. Lowest competition. Organic reach still works. What free tool are you underusing? Designed by Claude Code, auto-published via GoHighLevel + n8n. #Skynetlabs #Waseemnasir #NomadCEO","","Waseem Nasir premium social post: LinkedIn is free. Most still can't use it. Nomad CEO brand · Skynetlabs · designed by Claude Code · automated via GoHighLevel and n8n.","What free tool are you underusing?","linkedin-underused","ghl","pinterest","batch2-viral-20","linkedin-free-personal-brand-growth-2026"
"07","ship-ugly-iterate-public-founder-rule-01","ship-ugly-iterate-public-founder-rule-01.png","[GHL_CDN_URL]/ship-ugly-iterate-public-founder-rule-01.png","Instagram","05/07/2026","18:00","Rule 01: Ship ugly. Iterate in public. Get paid.

First landing page: ugly. Made $5k. First n8n workflow: 3 nodes. Replaced a VA.

What are you overthinking instead of shipping? ⬇️

🤖 Designed by Claude Code · auto-published via GoHighLevel + n8n. Zero manual clicks.

#Skynetlabs #Waseemnasir #NomadCEO #BuildInPublic #ShipFast #IndieHackers #FounderLife #Solopreneur #MVP #StartupLife","More systems like this → https://skynetjoe.com/?utm_source=social&utm_medium=post&utm_campaign=batch2&utm_content=ship-ugly-iterate-public-founder-rule-01

Drop questions below, I reply to every one. — Waseem","Waseem Nasir premium social post: Rule 01: Ship ugly. Iterate in public. Get paid. Nomad CEO brand · Skynetlabs · designed by Claude Code · automated via GoHighLevel and n8n.","What are you overthinking instead of shipping?","ship-ugly-rule-01","ghl","instagram","batch2-viral-20","ship-ugly-iterate-public-founder-rule-01"
"07","ship-ugly-iterate-public-founder-rule-01","ship-ugly-iterate-public-founder-rule-01.png","[GHL_CDN_URL]/ship-ugly-iterate-public-founder-rule-01.png","LinkedIn","05/07/2026","09:00","Rule 01: Ship ugly. Iterate in public. Get paid.

First landing page: ugly. Made $5k. First n8n workflow: 3 nodes. Replaced a VA.

What are you overthinking instead of shipping?

🤖 Designed by Claude Code · auto-published via GoHighLevel + n8n. Zero manual clicks.

#Skynetlabs #Waseemnasir #NomadCEO #BuildInPublic #ShipFast","More systems like this → https://skynetjoe.com/?utm_source=social&utm_medium=post&utm_campaign=batch2&utm_content=ship-ugly-iterate-public-founder-rule-01

Drop questions below, I reply to every one. — Waseem","Waseem Nasir premium social post: Rule 01: Ship ugly. Iterate in public. Get paid. Nomad CEO brand · Skynetlabs · designed by Claude Code · automated via GoHighLevel and n8n.","What are you overthinking instead of shipping?","ship-ugly-rule-01","ghl","linkedin","batch2-viral-20","ship-ugly-iterate-public-founder-rule-01"
"07","ship-ugly-iterate-public-founder-rule-01","ship-ugly-iterate-public-founder-rule-01.png","[GHL_CDN_URL]/ship-ugly-iterate-public-founder-rule-01.png","Facebook","05/07/2026","19:00","Rule 01: Ship ugly. Iterate in public. Get paid.

First landing page: ugly. Made $5k. First n8n workflow: 3 nodes. Replaced a VA.

What are you overthinking instead of shipping? 👇

🤖 Designed by Claude Code · auto-published via GoHighLevel + n8n. Zero manual clicks.

#Skynetlabs #Waseemnasir #NomadCEO","","Waseem Nasir premium social post: Rule 01: Ship ugly. Iterate in public. Get paid. Nomad CEO brand · Skynetlabs · designed by Claude Code · automated via GoHighLevel and n8n.","What are you overthinking instead of shipping?","ship-ugly-rule-01","ghl","facebook","batch2-viral-20","ship-ugly-iterate-public-founder-rule-01"
"07","ship-ugly-iterate-public-founder-rule-01","ship-ugly-iterate-public-founder-rule-01.png","[GHL_CDN_URL]/ship-ugly-iterate-public-founder-rule-01.png","Twitter","05/07/2026","12:00","Rule 01: Ship ugly. Iterate in public. Get paid.

What are you overthinking instead of shipping?

#Skynetlabs #Waseemnasir","","Waseem Nasir premium social post: Rule 01: Ship ugly. Iterate in public. Get paid. Nomad CEO brand · Skynetlabs · designed by Claude Code · automated via GoHighLevel and n8n.","What are you overthinking instead of shipping?","ship-ugly-rule-01","ghl","twitter","batch2-viral-20","ship-ugly-iterate-public-founder-rule-01"
"07","ship-ugly-iterate-public-founder-rule-01","ship-ugly-iterate-public-founder-rule-01.png","[GHL_CDN_URL]/ship-ugly-iterate-public-founder-rule-01.png","Pinterest","05/07/2026","20:00","Rule 01: Ship ugly. Iterate in public. Get paid. — First landing page: ugly. Made $5k. First n8n workflow: 3 nodes. Replaced a VA. What are you overthinking instead of shipping? Designed by Claude Code, auto-published via GoHighLevel + n8n. #Skynetlabs #Waseemnasir #NomadCEO","","Waseem Nasir premium social post: Rule 01: Ship ugly. Iterate in public. Get paid. Nomad CEO brand · Skynetlabs · designed by Claude Code · automated via GoHighLevel and n8n.","What are you overthinking instead of shipping?","ship-ugly-rule-01","ghl","pinterest","batch2-viral-20","ship-ugly-iterate-public-founder-rule-01"
"08","client-2am-ai-video-automation-remotion","client-2am-ai-video-automation-remotion.png","[GHL_CDN_URL]/client-2am-ai-video-automation-remotion.png","Instagram","05/08/2026","18:00","Client at 2am: 'how did you ship 12 videos in one night?' Me: 'I didn't. My agents did. I was sleeping.'

This is what leverage looks like in 2026.

If you could text me one question at 2am — what would it be? ⬇️

🤖 Designed by Claude Code · auto-published via GoHighLevel + n8n. Zero manual clicks.

#Skynetlabs #Waseemnasir #NomadCEO #AIAutomation #VideoAutomation #Remotion #AIAgents #ContentCreation #Solopreneur #BuildInPublic","More systems like this → https://skynetjoe.com/?utm_source=social&utm_medium=post&utm_campaign=batch2&utm_content=client-2am-ai-video-automation-remotion

Drop questions below, I reply to every one. — Waseem","Waseem Nasir premium social post: Client at 2am: 'how did you ship 12 videos in one night?' Me: 'I didn't. My agents did. I was sleeping.' Nomad CEO brand · Skynetlabs · designed by Claude Code · automated via GoHighLevel and n8n.","If you could text me one question at 2am — what would it be?","2am-client-dm","ghl","instagram","batch2-viral-20","client-2am-ai-video-automation-remotion"
"08","client-2am-ai-video-automation-remotion","client-2am-ai-video-automation-remotion.png","[GHL_CDN_URL]/client-2am-ai-video-automation-remotion.png","LinkedIn","05/08/2026","09:00","Client at 2am: 'how did you ship 12 videos in one night?' Me: 'I didn't. My agents did. I was sleeping.'

This is what leverage looks like in 2026.

If you could text me one question at 2am — what would it be?

🤖 Designed by Claude Code · auto-published via GoHighLevel + n8n. Zero manual clicks.

#Skynetlabs #Waseemnasir #NomadCEO #AIAutomation #VideoAutomation","More systems like this → https://skynetjoe.com/?utm_source=social&utm_medium=post&utm_campaign=batch2&utm_content=client-2am-ai-video-automation-remotion

Drop questions below, I reply to every one. — Waseem","Waseem Nasir premium social post: Client at 2am: 'how did you ship 12 videos in one night?' Me: 'I didn't. My agents did. I was sleeping.' Nomad CEO brand · Skynetlabs · designed by Claude Code · automated via GoHighLevel and n8n.","If you could text me one question at 2am — what would it be?","2am-client-dm","ghl","linkedin","batch2-viral-20","client-2am-ai-video-automation-remotion"
"08","client-2am-ai-video-automation-remotion","client-2am-ai-video-automation-remotion.png","[GHL_CDN_URL]/client-2am-ai-video-automation-remotion.png","Facebook","05/08/2026","19:00","Client at 2am: 'how did you ship 12 videos in one night?' Me: 'I didn't. My agents did. I was sleeping.'

This is what leverage looks like in 2026.

If you could text me one question at 2am — what would it be? 👇

🤖 Designed by Claude Code · auto-published via GoHighLevel + n8n. Zero manual clicks.

#Skynetlabs #Waseemnasir #NomadCEO","","Waseem Nasir premium social post: Client at 2am: 'how did you ship 12 videos in one night?' Me: 'I didn't. My agents did. I was sleeping.' Nomad CEO brand · Skynetlabs · designed by Claude Code · automated via GoHighLevel and n8n.","If you could text me one question at 2am — what would it be?","2am-client-dm","ghl","facebook","batch2-viral-20","client-2am-ai-video-automation-remotion"
"08","client-2am-ai-video-automation-remotion","client-2am-ai-video-automation-remotion.png","[GHL_CDN_URL]/client-2am-ai-video-automation-remotion.png","Twitter","05/08/2026","12:00","Client at 2am: 'how did you ship 12 videos in one night?' Me: 'I didn't. My agents did. I was sleeping.'

If you could text me one question at 2am — what would it be?

#Skynetlabs #Waseemnasir","","Waseem Nasir premium social post: Client at 2am: 'how did you ship 12 videos in one night?' Me: 'I didn't. My agents did. I was sleeping.' Nomad CEO brand · Skynetlabs · designed by Claude Code · automated via GoHighLevel and n8n.","If you could text me one question at 2am — what would it be?","2am-client-dm","ghl","twitter","batch2-viral-20","client-2am-ai-video-automation-remotion"
"08","client-2am-ai-video-automation-remotion","client-2am-ai-video-automation-remotion.png","[GHL_CDN_URL]/client-2am-ai-video-automation-remotion.png","Pinterest","05/08/2026","20:00","Client at 2am: 'how did you ship 12 videos in one night?' Me: 'I didn't. My agents did. I was sleeping.' — This is what leverage looks like in 2026. If you could text me one question at 2am — what would it be? Designed by Claude Code, auto-published via GoHighLevel + n8n. #Skynetlabs #Waseemnasir #NomadCEO","","Waseem Nasir premium social post: Client at 2am: 'how did you ship 12 videos in one night?' Me: 'I didn't. My agents did. I was sleeping.' Nomad CEO brand · Skynetlabs · designed by Claude Code · automated via GoHighLevel and n8n.","If you could text me one question at 2am — what would it be?","2am-client-dm","ghl","pinterest","batch2-viral-20","client-2am-ai-video-automation-remotion"
"09","skill-stack-beats-degree-stack-2026","skill-stack-beats-degree-stack-2026.png","[GHL_CDN_URL]/skill-stack-beats-degree-stack-2026.png","Instagram","05/09/2026","18:00","Skill stack > degree stack.

Nobody asks about your diploma when you ship. They ask about your GitHub, your workflows, your results.

One skill you taught yourself this year? ⬇️

🤖 Designed by Claude Code · auto-published via GoHighLevel + n8n. Zero manual clicks.

#Skynetlabs #Waseemnasir #NomadCEO #SelfTaught #SkillStack #BuildInPublic #IndiePreneur #CareerAdvice #FounderLife #LearnInPublic","More systems like this → https://skynetjoe.com/?utm_source=social&utm_medium=post&utm_campaign=batch2&utm_content=skill-stack-beats-degree-stack-2026

Drop questions below, I reply to every one. — Waseem","Waseem Nasir premium social post: Skill stack > degree stack. Nomad CEO brand · Skynetlabs · designed by Claude Code · automated via GoHighLevel and n8n.","One skill you taught yourself this year?","skill-stack-vs-degree","ghl","instagram","batch2-viral-20","skill-stack-beats-degree-stack-2026"
"09","skill-stack-beats-degree-stack-2026","skill-stack-beats-degree-stack-2026.png","[GHL_CDN_URL]/skill-stack-beats-degree-stack-2026.png","LinkedIn","05/09/2026","09:00","Skill stack > degree stack.

Nobody asks about your diploma when you ship. They ask about your GitHub, your workflows, your results.

One skill you taught yourself this year?

🤖 Designed by Claude Code · auto-published via GoHighLevel + n8n. Zero manual clicks.

#Skynetlabs #Waseemnasir #NomadCEO #SelfTaught #SkillStack","More systems like this → https://skynetjoe.com/?utm_source=social&utm_medium=post&utm_campaign=batch2&utm_content=skill-stack-beats-degree-stack-2026

Drop questions below, I reply to every one. — Waseem","Waseem Nasir premium social post: Skill stack > degree stack. Nomad CEO brand · Skynetlabs · designed by Claude Code · automated via GoHighLevel and n8n.","One skill you taught yourself this year?","skill-stack-vs-degree","ghl","linkedin","batch2-viral-20","skill-stack-beats-degree-stack-2026"
"09","skill-stack-beats-degree-stack-2026","skill-stack-beats-degree-stack-2026.png","[GHL_CDN_URL]/skill-stack-beats-degree-stack-2026.png","Facebook","05/09/2026","19:00","Skill stack > degree stack.

Nobody asks about your diploma when you ship. They ask about your GitHub, your workflows, your results.

One skill you taught yourself this year? 👇

🤖 Designed by Claude Code · auto-published via GoHighLevel + n8n. Zero manual clicks.

#Skynetlabs #Waseemnasir #NomadCEO","","Waseem Nasir premium social post: Skill stack > degree stack. Nomad CEO brand · Skynetlabs · designed by Claude Code · automated via GoHighLevel and n8n.","One skill you taught yourself this year?","skill-stack-vs-degree","ghl","facebook","batch2-viral-20","skill-stack-beats-degree-stack-2026"
"09","skill-stack-beats-degree-stack-2026","skill-stack-beats-degree-stack-2026.png","[GHL_CDN_URL]/skill-stack-beats-degree-stack-2026.png","Twitter","05/09/2026","12:00","Skill stack > degree stack.

One skill you taught yourself this year?

#Skynetlabs #Waseemnasir","","Waseem Nasir premium social post: Skill stack > degree stack. Nomad CEO brand · Skynetlabs · designed by Claude Code · automated via GoHighLevel and n8n.","One skill you taught yourself this year?","skill-stack-vs-degree","ghl","twitter","batch2-viral-20","skill-stack-beats-degree-stack-2026"
"09","skill-stack-beats-degree-stack-2026","skill-stack-beats-degree-stack-2026.png","[GHL_CDN_URL]/skill-stack-beats-degree-stack-2026.png","Pinterest","05/09/2026","20:00","Skill stack > degree stack. — Nobody asks about your diploma when you ship. They ask about your GitHub, your workflows, your results. One skill you taught yourself this year? Designed by Claude Code, auto-published via GoHighLevel + n8n. #Skynetlabs #Waseemnasir #NomadCEO","","Waseem Nasir premium social post: Skill stack > degree stack. Nomad CEO brand · Skynetlabs · designed by Claude Code · automated via GoHighLevel and n8n.","One skill you taught yourself this year?","skill-stack-vs-degree","ghl","pinterest","batch2-viral-20","skill-stack-beats-degree-stack-2026"
"10","charge-5k-2-hours-freelance-pricing-strategy","charge-5k-2-hours-freelance-pricing-strategy.png","[GHL_CDN_URL]/charge-5k-2-hours-freelance-pricing-strategy.png","Instagram","05/10/2026","18:00","I charge $5k for work that takes 2 hours. That's the point.

Clients pay for the 10 years of skill compressed into those 2 hours.

Most you've charged for under-2-hour work? ⬇️

🤖 Designed by Claude Code · auto-published via GoHighLevel + n8n. Zero manual clicks.

#Skynetlabs #Waseemnasir #NomadCEO #FreelancerLife #PricingStrategy #AgencyLife #ValueBased #Solopreneur #Consultants #BusinessGrowth","More systems like this → https://skynetjoe.com/?utm_source=social&utm_medium=post&utm_campaign=batch2&utm_content=charge-5k-2-hours-freelance-pricing-strategy

Drop questions below, I reply to every one. — Waseem","Waseem Nasir premium social post: I charge $5k for work that takes 2 hours. That's the point. Nomad CEO brand · Skynetlabs · designed by Claude Code · automated via GoHighLevel and n8n.","Most you've charged for under-2-hour work?","pricing-value-not-hours","ghl","instagram","batch2-viral-20","charge-5k-2-hours-freelance-pricing-strategy"
"10","charge-5k-2-hours-freelance-pricing-strategy","charge-5k-2-hours-freelance-pricing-strategy.png","[GHL_CDN_URL]/charge-5k-2-hours-freelance-pricing-strategy.png","LinkedIn","05/10/2026","09:00","I charge $5k for work that takes 2 hours. That's the point.

Clients pay for the 10 years of skill compressed into those 2 hours.

Most you've charged for under-2-hour work?

🤖 Designed by Claude Code · auto-published via GoHighLevel + n8n. Zero manual clicks.

#Skynetlabs #Waseemnasir #NomadCEO #FreelancerLife #PricingStrategy","More systems like this → https://skynetjoe.com/?utm_source=social&utm_medium=post&utm_campaign=batch2&utm_content=charge-5k-2-hours-freelance-pricing-strategy

Drop questions below, I reply to every one. — Waseem","Waseem Nasir premium social post: I charge $5k for work that takes 2 hours. That's the point. Nomad CEO brand · Skynetlabs · designed by Claude Code · automated via GoHighLevel and n8n.","Most you've charged for under-2-hour work?","pricing-value-not-hours","ghl","linkedin","batch2-viral-20","charge-5k-2-hours-freelance-pricing-strategy"
"10","charge-5k-2-hours-freelance-pricing-strategy","charge-5k-2-hours-freelance-pricing-strategy.png","[GHL_CDN_URL]/charge-5k-2-hours-freelance-pricing-strategy.png","Facebook","05/10/2026","19:00","I charge $5k for work that takes 2 hours. That's the point.

Clients pay for the 10 years of skill compressed into those 2 hours.

Most you've charged for under-2-hour work? 👇

🤖 Designed by Claude Code · auto-published via GoHighLevel + n8n. Zero manual clicks.

#Skynetlabs #Waseemnasir #NomadCEO","","Waseem Nasir premium social post: I charge $5k for work that takes 2 hours. That's the point. Nomad CEO brand · Skynetlabs · designed by Claude Code · automated via GoHighLevel and n8n.","Most you've charged for under-2-hour work?","pricing-value-not-hours","ghl","facebook","batch2-viral-20","charge-5k-2-hours-freelance-pricing-strategy"
"10","charge-5k-2-hours-freelance-pricing-strategy","charge-5k-2-hours-freelance-pricing-strategy.png","[GHL_CDN_URL]/charge-5k-2-hours-freelance-pricing-strategy.png","Twitter","05/10/2026","12:00","I charge $5k for work that takes 2 hours. That's the point.

Most you've charged for under-2-hour work?

#Skynetlabs #Waseemnasir","","Waseem Nasir premium social post: I charge $5k for work that takes 2 hours. That's the point. Nomad CEO brand · Skynetlabs · designed by Claude Code · automated via GoHighLevel and n8n.","Most you've charged for under-2-hour work?","pricing-value-not-hours","ghl","twitter","batch2-viral-20","charge-5k-2-hours-freelance-pricing-strategy"
"10","charge-5k-2-hours-freelance-pricing-strategy","charge-5k-2-hours-freelance-pricing-strategy.png","[GHL_CDN_URL]/charge-5k-2-hours-freelance-pricing-strategy.png","Pinterest","05/10/2026","20:00","I charge $5k for work that takes 2 hours. That's the point. — Clients pay for the 10 years of skill compressed into those 2 hours. Most you've charged for under-2-hour work? Designed by Claude Code, auto-published via GoHighLevel + n8n. #Skynetlabs #Waseemnasir #NomadCEO","","Waseem Nasir premium social post: I charge $5k for work that takes 2 hours. That's the point. Nomad CEO brand · Skynetlabs · designed by Claude Code · automated via GoHighLevel and n8n.","Most you've charged for under-2-hour work?","pricing-value-not-hours","ghl","pinterest","batch2-viral-20","charge-5k-2-hours-freelance-pricing-strategy"
"11","cold-email-vs-ai-dms-14-percent-outreach","cold-email-vs-ai-dms-14-percent-outreach.png","[GHL_CDN_URL]/cold-email-vs-ai-dms-14-percent-outreach.png","Instagram","05/11/2026","18:00","Cold email: 1.2%. AI-personalized DMs: 14%. Same list. Same offer. Only variable: the agent.

The era of 'spray and pray' is dead.

Which outreach channel actually works for you? ⬇️

🤖 Designed by Claude Code · auto-published via GoHighLevel + n8n. Zero manual clicks.

#Skynetlabs #Waseemnasir #NomadCEO #ColdOutreach #SalesAutomation #AIPersonalization #B2BSales #LeadGen #FounderLife #AIAutomation","More systems like this → https://skynetjoe.com/?utm_source=social&utm_medium=post&utm_campaign=batch2&utm_content=cold-email-vs-ai-dms-14-percent-outreach

Drop questions below, I reply to every one. — Waseem","Waseem Nasir premium social post: Cold email: 1.2%. AI-personalized DMs: 14%. Same list. Same offer. Only variable: the agent. Nomad CEO brand · Skynetlabs · designed by Claude Code · automated via GoHighLevel and n8n.","Which outreach channel actually works for you?","cold-email-vs-ai-dms","ghl","instagram","batch2-viral-20","cold-email-vs-ai-dms-14-percent-outreach"
"11","cold-email-vs-ai-dms-14-percent-outreach","cold-email-vs-ai-dms-14-percent-outreach.png","[GHL_CDN_URL]/cold-email-vs-ai-dms-14-percent-outreach.png","LinkedIn","05/11/2026","09:00","Cold email: 1.2%. AI-personalized DMs: 14%. Same list. Same offer. Only variable: the agent.

The era of 'spray and pray' is dead.

Which outreach channel actually works for you?

🤖 Designed by Claude Code · auto-published via GoHighLevel + n8n. Zero manual clicks.

#Skynetlabs #Waseemnasir #NomadCEO #ColdOutreach #SalesAutomation","More systems like this → https://skynetjoe.com/?utm_source=social&utm_medium=post&utm_campaign=batch2&utm_content=cold-email-vs-ai-dms-14-percent-outreach

Drop questions below, I reply to every one. — Waseem","Waseem Nasir premium social post: Cold email: 1.2%. AI-personalized DMs: 14%. Same list. Same offer. Only variable: the agent. Nomad CEO brand · Skynetlabs · designed by Claude Code · automated via GoHighLevel and n8n.","Which outreach channel actually works for you?","cold-email-vs-ai-dms","ghl","linkedin","batch2-viral-20","cold-email-vs-ai-dms-14-percent-outreach"
"11","cold-email-vs-ai-dms-14-percent-outreach","cold-email-vs-ai-dms-14-percent-outreach.png","[GHL_CDN_URL]/cold-email-vs-ai-dms-14-percent-outreach.png","Facebook","05/11/2026","19:00","Cold email: 1.2%. AI-personalized DMs: 14%. Same list. Same offer. Only variable: the agent.

The era of 'spray and pray' is dead.

Which outreach channel actually works for you? 👇

🤖 Designed by Claude Code · auto-published via GoHighLevel + n8n. Zero manual clicks.

#Skynetlabs #Waseemnasir #NomadCEO","","Waseem Nasir premium social post: Cold email: 1.2%. AI-personalized DMs: 14%. Same list. Same offer. Only variable: the agent. Nomad CEO brand · Skynetlabs · designed by Claude Code · automated via GoHighLevel and n8n.","Which outreach channel actually works for you?","cold-email-vs-ai-dms","ghl","facebook","batch2-viral-20","cold-email-vs-ai-dms-14-percent-outreach"
"11","cold-email-vs-ai-dms-14-percent-outreach","cold-email-vs-ai-dms-14-percent-outreach.png","[GHL_CDN_URL]/cold-email-vs-ai-dms-14-percent-outreach.png","Twitter","05/11/2026","12:00","Cold email: 1.2%. AI-personalized DMs: 14%. Same list. Same offer. Only variable: the agent.

Which outreach channel actually works for you?

#Skynetlabs #Waseemnasir","","Waseem Nasir premium social post: Cold email: 1.2%. AI-personalized DMs: 14%. Same list. Same offer. Only variable: the agent. Nomad CEO brand · Skynetlabs · designed by Claude Code · automated via GoHighLevel and n8n.","Which outreach channel actually works for you?","cold-email-vs-ai-dms","ghl","twitter","batch2-viral-20","cold-email-vs-ai-dms-14-percent-outreach"
"11","cold-email-vs-ai-dms-14-percent-outreach","cold-email-vs-ai-dms-14-percent-outreach.png","[GHL_CDN_URL]/cold-email-vs-ai-dms-14-percent-outreach.png","Pinterest","05/11/2026","20:00","Cold email: 1.2%. AI-personalized DMs: 14%. Same list. Same offer. Only variable: the agent. — The era of 'spray and pray' is dead. Which outreach channel actually works for you? Designed by Claude Code, auto-published via GoHighLevel + n8n. #Skynetlabs #Waseemnasir #NomadCEO","","Waseem Nasir premium social post: Cold email: 1.2%. AI-personalized DMs: 14%. Same list. Same offer. Only variable: the agent. Nomad CEO brand · Skynetlabs · designed by Claude Code · automated via GoHighLevel and n8n.","Which outreach channel actually works for you?","cold-email-vs-ai-dms","ghl","pinterest","batch2-viral-20","cold-email-vs-ai-dms-14-percent-outreach"
"12","ai-wont-replace-you-people-using-ai-will","ai-wont-replace-you-people-using-ai-will.png","[GHL_CDN_URL]/ai-wont-replace-you-people-using-ai-will.png","Instagram","05/12/2026","18:00","AI won't replace you. People using AI will.

~18 months before 'I don't use AI' sounds like 'I don't use email' did in 2005.

What's honestly stopping you from daily AI use? ⬇️

🤖 Designed by Claude Code · auto-published via GoHighLevel + n8n. Zero manual clicks.

#Skynetlabs #Waseemnasir #NomadCEO #AI2026 #FutureOfWork #AIAdoption #AIAutomation #CareerAdvice #Solopreneur #BuildInPublic","More systems like this → https://skynetjoe.com/?utm_source=social&utm_medium=post&utm_campaign=batch2&utm_content=ai-wont-replace-you-people-using-ai-will

Drop questions below, I reply to every one. — Waseem","Waseem Nasir premium social post: AI won't replace you. People using AI will. Nomad CEO brand · Skynetlabs · designed by Claude Code · automated via GoHighLevel and n8n.","What's honestly stopping you from daily AI use?","ai-wont-replace-you","ghl","instagram","batch2-viral-20","ai-wont-replace-you-people-using-ai-will"
"12","ai-wont-replace-you-people-using-ai-will","ai-wont-replace-you-people-using-ai-will.png","[GHL_CDN_URL]/ai-wont-replace-you-people-using-ai-will.png","LinkedIn","05/12/2026","09:00","AI won't replace you. People using AI will.

~18 months before 'I don't use AI' sounds like 'I don't use email' did in 2005.

What's honestly stopping you from daily AI use?

🤖 Designed by Claude Code · auto-published via GoHighLevel + n8n. Zero manual clicks.

#Skynetlabs #Waseemnasir #NomadCEO #AI2026 #FutureOfWork","More systems like this → https://skynetjoe.com/?utm_source=social&utm_medium=post&utm_campaign=batch2&utm_content=ai-wont-replace-you-people-using-ai-will

Drop questions below, I reply to every one. — Waseem","Waseem Nasir premium social post: AI won't replace you. People using AI will. Nomad CEO brand · Skynetlabs · designed by Claude Code · automated via GoHighLevel and n8n.","What's honestly stopping you from daily AI use?","ai-wont-replace-you","ghl","linkedin","batch2-viral-20","ai-wont-replace-you-people-using-ai-will"
"12","ai-wont-replace-you-people-using-ai-will","ai-wont-replace-you-people-using-ai-will.png","[GHL_CDN_URL]/ai-wont-replace-you-people-using-ai-will.png","Facebook","05/12/2026","19:00","AI won't replace you. People using AI will.

~18 months before 'I don't use AI' sounds like 'I don't use email' did in 2005.

What's honestly stopping you from daily AI use? 👇

🤖 Designed by Claude Code · auto-published via GoHighLevel + n8n. Zero manual clicks.

#Skynetlabs #Waseemnasir #NomadCEO","","Waseem Nasir premium social post: AI won't replace you. People using AI will. Nomad CEO brand · Skynetlabs · designed by Claude Code · automated via GoHighLevel and n8n.","What's honestly stopping you from daily AI use?","ai-wont-replace-you","ghl","facebook","batch2-viral-20","ai-wont-replace-you-people-using-ai-will"
"12","ai-wont-replace-you-people-using-ai-will","ai-wont-replace-you-people-using-ai-will.png","[GHL_CDN_URL]/ai-wont-replace-you-people-using-ai-will.png","Twitter","05/12/2026","12:00","AI won't replace you. People using AI will.

What's honestly stopping you from daily AI use?

#Skynetlabs #Waseemnasir","","Waseem Nasir premium social post: AI won't replace you. People using AI will. Nomad CEO brand · Skynetlabs · designed by Claude Code · automated via GoHighLevel and n8n.","What's honestly stopping you from daily AI use?","ai-wont-replace-you","ghl","twitter","batch2-viral-20","ai-wont-replace-you-people-using-ai-will"
"12","ai-wont-replace-you-people-using-ai-will","ai-wont-replace-you-people-using-ai-will.png","[GHL_CDN_URL]/ai-wont-replace-you-people-using-ai-will.png","Pinterest","05/12/2026","20:00","AI won't replace you. People using AI will. — ~18 months before 'I don't use AI' sounds like 'I don't use email' did in 2005. What's honestly stopping you from daily AI use? Designed by Claude Code, auto-published via GoHighLevel + n8n. #Skynetlabs #Waseemnasir #NomadCEO","","Waseem Nasir premium social post: AI won't replace you. People using AI will. Nomad CEO brand · Skynetlabs · designed by Claude Code · automated via GoHighLevel and n8n.","What's honestly stopping you from daily AI use?","ai-wont-replace-you","ghl","pinterest","batch2-viral-20","ai-wont-replace-you-people-using-ai-will"
"13","stop-learning-start-shipping-builder-mindset","stop-learning-start-shipping-builder-mindset.png","[GHL_CDN_URL]/stop-learning-start-shipping-builder-mindset.png","Instagram","05/13/2026","18:00","Stop learning. Start shipping.

The 47th tutorial won't make you an expert. Shipping an ugly v1 will.

What are you 'learning' instead of shipping? ⬇️

🤖 Designed by Claude Code · auto-published via GoHighLevel + n8n. Zero manual clicks.

#Skynetlabs #Waseemnasir #NomadCEO #ShipFast #BuildInPublic #LearnByDoing #IndieHackers #Solopreneur #MVP #MakerMindset","More systems like this → https://skynetjoe.com/?utm_source=social&utm_medium=post&utm_campaign=batch2&utm_content=stop-learning-start-shipping-builder-mindset

Drop questions below, I reply to every one. — Waseem","Waseem Nasir premium social post: Stop learning. Start shipping. Nomad CEO brand · Skynetlabs · designed by Claude Code · automated via GoHighLevel and n8n.","What are you 'learning' instead of shipping?","stop-learning-start-shipping","ghl","instagram","batch2-viral-20","stop-learning-start-shipping-builder-mindset"
"13","stop-learning-start-shipping-builder-mindset","stop-learning-start-shipping-builder-mindset.png","[GHL_CDN_URL]/stop-learning-start-shipping-builder-mindset.png","LinkedIn","05/13/2026","09:00","Stop learning. Start shipping.

The 47th tutorial won't make you an expert. Shipping an ugly v1 will.

What are you 'learning' instead of shipping?

🤖 Designed by Claude Code · auto-published via GoHighLevel + n8n. Zero manual clicks.

#Skynetlabs #Waseemnasir #NomadCEO #ShipFast #BuildInPublic","More systems like this → https://skynetjoe.com/?utm_source=social&utm_medium=post&utm_campaign=batch2&utm_content=stop-learning-start-shipping-builder-mindset

Drop questions below, I reply to every one. — Waseem","Waseem Nasir premium social post: Stop learning. Start shipping. Nomad CEO brand · Skynetlabs · designed by Claude Code · automated via GoHighLevel and n8n.","What are you 'learning' instead of shipping?","stop-learning-start-shipping","ghl","linkedin","batch2-viral-20","stop-learning-start-shipping-builder-mindset"
"13","stop-learning-start-shipping-builder-mindset","stop-learning-start-shipping-builder-mindset.png","[GHL_CDN_URL]/stop-learning-start-shipping-builder-mindset.png","Facebook","05/13/2026","19:00","Stop learning. Start shipping.

The 47th tutorial won't make you an expert. Shipping an ugly v1 will.

What are you 'learning' instead of shipping? 👇

🤖 Designed by Claude Code · auto-published via GoHighLevel + n8n. Zero manual clicks.

#Skynetlabs #Waseemnasir #NomadCEO","","Waseem Nasir premium social post: Stop learning. Start shipping. Nomad CEO brand · Skynetlabs · designed by Claude Code · automated via GoHighLevel and n8n.","What are you 'learning' instead of shipping?","stop-learning-start-shipping","ghl","facebook","batch2-viral-20","stop-learning-start-shipping-builder-mindset"
"13","stop-learning-start-shipping-builder-mindset","stop-learning-start-shipping-builder-mindset.png","[GHL_CDN_URL]/stop-learning-start-shipping-builder-mindset.png","Twitter","05/13/2026","12:00","Stop learning. Start shipping.

What are you 'learning' instead of shipping?

#Skynetlabs #Waseemnasir","","Waseem Nasir premium social post: Stop learning. Start shipping. Nomad CEO brand · Skynetlabs · designed by Claude Code · automated via GoHighLevel and n8n.","What are you 'learning' instead of shipping?","stop-learning-start-shipping","ghl","twitter","batch2-viral-20","stop-learning-start-shipping-builder-mindset"
"13","stop-learning-start-shipping-builder-mindset","stop-learning-start-shipping-builder-mindset.png","[GHL_CDN_URL]/stop-learning-start-shipping-builder-mindset.png","Pinterest","05/13/2026","20:00","Stop learning. Start shipping. — The 47th tutorial won't make you an expert. Shipping an ugly v1 will. What are you 'learning' instead of shipping? Designed by Claude Code, auto-published via GoHighLevel + n8n. #Skynetlabs #Waseemnasir #NomadCEO","","Waseem Nasir premium social post: Stop learning. Start shipping. Nomad CEO brand · Skynetlabs · designed by Claude Code · automated via GoHighLevel and n8n.","What are you 'learning' instead of shipping?","stop-learning-start-shipping","ghl","pinterest","batch2-viral-20","stop-learning-start-shipping-builder-mindset"
"14","n8n-51-nodes-vs-excel-workflow-automation","n8n-51-nodes-vs-excel-workflow-automation.png","[GHL_CDN_URL]/n8n-51-nodes-vs-excel-workflow-automation.png","Instagram","05/14/2026","18:00","Me: 51-node n8n workflow. Them: still opening Excel. Client: 'how are you 10x faster?' Me: agents. lots of agents.

Your stack is either n8n + agents — or it's slowly obsolete.

First thing you'd automate with 1 free hour? ⬇️

🤖 Designed by Claude Code · auto-published via GoHighLevel + n8n. Zero manual clicks.

#Skynetlabs #Waseemnasir #NomadCEO #n8n #AIAutomation #NoCode #WorkflowAutomation #AIAgents #Solopreneur #FounderLife","More systems like this → https://skynetjoe.com/?utm_source=social&utm_medium=post&utm_campaign=batch2&utm_content=n8n-51-nodes-vs-excel-workflow-automation

Drop questions below, I reply to every one. — Waseem","Waseem Nasir premium social post: Me: 51-node n8n workflow. Them: still opening Excel. Client: 'how are you 10x faster?' Me: agents. lots of agents. Nomad CEO brand · Skynetlabs · designed by Claude Code · automated via GoHighLevel and n8n.","First thing you'd automate with 1 free hour?","n8n-vs-excel","ghl","instagram","batch2-viral-20","n8n-51-nodes-vs-excel-workflow-automation"
"14","n8n-51-nodes-vs-excel-workflow-automation","n8n-51-nodes-vs-excel-workflow-automation.png","[GHL_CDN_URL]/n8n-51-nodes-vs-excel-workflow-automation.png","LinkedIn","05/14/2026","09:00","Me: 51-node n8n workflow. Them: still opening Excel. Client: 'how are you 10x faster?' Me: agents. lots of agents.

Your stack is either n8n + agents — or it's slowly obsolete.

First thing you'd automate with 1 free hour?

🤖 Designed by Claude Code · auto-published via GoHighLevel + n8n. Zero manual clicks.

#Skynetlabs #Waseemnasir #NomadCEO #n8n #AIAutomation","More systems like this → https://skynetjoe.com/?utm_source=social&utm_medium=post&utm_campaign=batch2&utm_content=n8n-51-nodes-vs-excel-workflow-automation

Drop questions below, I reply to every one. — Waseem","Waseem Nasir premium social post: Me: 51-node n8n workflow. Them: still opening Excel. Client: 'how are you 10x faster?' Me: agents. lots of agents. Nomad CEO brand · Skynetlabs · designed by Claude Code · automated via GoHighLevel and n8n.","First thing you'd automate with 1 free hour?","n8n-vs-excel","ghl","linkedin","batch2-viral-20","n8n-51-nodes-vs-excel-workflow-automation"
"14","n8n-51-nodes-vs-excel-workflow-automation","n8n-51-nodes-vs-excel-workflow-automation.png","[GHL_CDN_URL]/n8n-51-nodes-vs-excel-workflow-automation.png","Facebook","05/14/2026","19:00","Me: 51-node n8n workflow. Them: still opening Excel. Client: 'how are you 10x faster?' Me: agents. lots of agents.

Your stack is either n8n + agents — or it's slowly obsolete.

First thing you'd automate with 1 free hour? 👇

🤖 Designed by Claude Code · auto-published via GoHighLevel + n8n. Zero manual clicks.

#Skynetlabs #Waseemnasir #NomadCEO","","Waseem Nasir premium social post: Me: 51-node n8n workflow. Them: still opening Excel. Client: 'how are you 10x faster?' Me: agents. lots of agents. Nomad CEO brand · Skynetlabs · designed by Claude Code · automated via GoHighLevel and n8n.","First thing you'd automate with 1 free hour?","n8n-vs-excel","ghl","facebook","batch2-viral-20","n8n-51-nodes-vs-excel-workflow-automation"
"14","n8n-51-nodes-vs-excel-workflow-automation","n8n-51-nodes-vs-excel-workflow-automation.png","[GHL_CDN_URL]/n8n-51-nodes-vs-excel-workflow-automation.png","Twitter","05/14/2026","12:00","Me: 51-node n8n workflow. Them: still opening Excel. Client: 'how are you 10x faster?' Me: agents. lots of agents.

First thing you'd automate with 1 free hour?

#Skynetlabs #Waseemnasir","","Waseem Nasir premium social post: Me: 51-node n8n workflow. Them: still opening Excel. Client: 'how are you 10x faster?' Me: agents. lots of agents. Nomad CEO brand · Skynetlabs · designed by Claude Code · automated via GoHighLevel and n8n.","First thing you'd automate with 1 free hour?","n8n-vs-excel","ghl","twitter","batch2-viral-20","n8n-51-nodes-vs-excel-workflow-automation"
"14","n8n-51-nodes-vs-excel-workflow-automation","n8n-51-nodes-vs-excel-workflow-automation.png","[GHL_CDN_URL]/n8n-51-nodes-vs-excel-workflow-automation.png","Pinterest","05/14/2026","20:00","Me: 51-node n8n workflow. Them: still opening Excel. Client: 'how are you 10x faster?' Me: agents. lots of agents. — Your stack is either n8n + agents — or it's slowly obsolete. First thing you'd automate with 1 free hour? Designed by Claude Code, auto-published via GoHighLevel + n8n. #Skynetlabs #Waseemnasir #NomadCEO","","Waseem Nasir premium social post: Me: 51-node n8n workflow. Them: still opening Excel. Client: 'how are you 10x faster?' Me: agents. lots of agents. Nomad CEO brand · Skynetlabs · designed by Claude Code · automated via GoHighLevel and n8n.","First thing you'd automate with 1 free hour?","n8n-vs-excel","ghl","pinterest","batch2-viral-20","n8n-51-nodes-vs-excel-workflow-automation"
"15","agents-leverage-squared-solo-founder-50k","agents-leverage-squared-solo-founder-50k.png","[GHL_CDN_URL]/agents-leverage-squared-solo-founder-50k.png","Instagram","05/15/2026","18:00","Talent is leverage. Agents are leverage squared.

A solo who wires agents outships a 10-person agency.

One task you'd clone into an agent today? ⬇️

🤖 Designed by Claude Code · auto-published via GoHighLevel + n8n. Zero manual clicks.

#Skynetlabs #Waseemnasir #NomadCEO #SoloFounder #AIAgents #Leverage #AIAutomation #BuildInPublic #Solopreneur #FounderLife","More systems like this → https://skynetjoe.com/?utm_source=social&utm_medium=post&utm_campaign=batch2&utm_content=agents-leverage-squared-solo-founder-50k

Drop questions below, I reply to every one. — Waseem","Waseem Nasir premium social post: Talent is leverage. Agents are leverage squared. Nomad CEO brand · Skynetlabs · designed by Claude Code · automated via GoHighLevel and n8n.","One task you'd clone into an agent today?","agents-leverage-squared","ghl","instagram","batch2-viral-20","agents-leverage-squared-solo-founder-50k"
"15","agents-leverage-squared-solo-founder-50k","agents-leverage-squared-solo-founder-50k.png","[GHL_CDN_URL]/agents-leverage-squared-solo-founder-50k.png","LinkedIn","05/15/2026","09:00","Talent is leverage. Agents are leverage squared.

A solo who wires agents outships a 10-person agency.

One task you'd clone into an agent today?

🤖 Designed by Claude Code · auto-published via GoHighLevel + n8n. Zero manual clicks.

#Skynetlabs #Waseemnasir #NomadCEO #SoloFounder #AIAgents","More systems like this → https://skynetjoe.com/?utm_source=social&utm_medium=post&utm_campaign=batch2&utm_content=agents-leverage-squared-solo-founder-50k

Drop questions below, I reply to every one. — Waseem","Waseem Nasir premium social post: Talent is leverage. Agents are leverage squared. Nomad CEO brand · Skynetlabs · designed by Claude Code · automated via GoHighLevel and n8n.","One task you'd clone into an agent today?","agents-leverage-squared","ghl","linkedin","batch2-viral-20","agents-leverage-squared-solo-founder-50k"
"15","agents-leverage-squared-solo-founder-50k","agents-leverage-squared-solo-founder-50k.png","[GHL_CDN_URL]/agents-leverage-squared-solo-founder-50k.png","Facebook","05/15/2026","19:00","Talent is leverage. Agents are leverage squared.

A solo who wires agents outships a 10-person agency.

One task you'd clone into an agent today? 👇

🤖 Designed by Claude Code · auto-published via GoHighLevel + n8n. Zero manual clicks.

#Skynetlabs #Waseemnasir #NomadCEO","","Waseem Nasir premium social post: Talent is leverage. Agents are leverage squared. Nomad CEO brand · Skynetlabs · designed by Claude Code · automated via GoHighLevel and n8n.","One task you'd clone into an agent today?","agents-leverage-squared","ghl","facebook","batch2-viral-20","agents-leverage-squared-solo-founder-50k"
"15","agents-leverage-squared-solo-founder-50k","agents-leverage-squared-solo-founder-50k.png","[GHL_CDN_URL]/agents-leverage-squared-solo-founder-50k.png","Twitter","05/15/2026","12:00","Talent is leverage. Agents are leverage squared.

One task you'd clone into an agent today?

#Skynetlabs #Waseemnasir","","Waseem Nasir premium social post: Talent is leverage. Agents are leverage squared. Nomad CEO brand · Skynetlabs · designed by Claude Code · automated via GoHighLevel and n8n.","One task you'd clone into an agent today?","agents-leverage-squared","ghl","twitter","batch2-viral-20","agents-leverage-squared-solo-founder-50k"
"15","agents-leverage-squared-solo-founder-50k","agents-leverage-squared-solo-founder-50k.png","[GHL_CDN_URL]/agents-leverage-squared-solo-founder-50k.png","Pinterest","05/15/2026","20:00","Talent is leverage. Agents are leverage squared. — A solo who wires agents outships a 10-person agency. One task you'd clone into an agent today? Designed by Claude Code, auto-published via GoHighLevel + n8n. #Skynetlabs #Waseemnasir #NomadCEO","","Waseem Nasir premium social post: Talent is leverage. Agents are leverage squared. Nomad CEO brand · Skynetlabs · designed by Claude Code · automated via GoHighLevel and n8n.","One task you'd clone into an agent today?","agents-leverage-squared","ghl","pinterest","batch2-viral-20","agents-leverage-squared-solo-founder-50k"
"16","25-digital-products-sold-bali-nomad-ceo","25-digital-products-sold-bali-nomad-ceo.png","[GHL_CDN_URL]/25-digital-products-sold-bali-nomad-ceo.png","Instagram","05/16/2026","18:00","Sold 25 digital products while in Bali. Laptop was in Pakistan.

Location doesn't matter. Timezone doesn't matter. Systems matter.

Ever made money while offline? Story? ⬇️

🤖 Designed by Claude Code · auto-published via GoHighLevel + n8n. Zero manual clicks.

#Skynetlabs #Waseemnasir #NomadCEO #PassiveIncome #DigitalProducts #DigitalNomad #RemoteLife #Solopreneur #BuildInPublic #Automation","More systems like this → https://skynetjoe.com/?utm_source=social&utm_medium=post&utm_campaign=batch2&utm_content=25-digital-products-sold-bali-nomad-ceo

Drop questions below, I reply to every one. — Waseem","Waseem Nasir premium social post: Sold 25 digital products while in Bali. Laptop was in Pakistan. Nomad CEO brand · Skynetlabs · designed by Claude Code · automated via GoHighLevel and n8n.","Ever made money while offline? Story?","sold-offline-bali","ghl","instagram","batch2-viral-20","25-digital-products-sold-bali-nomad-ceo"
"16","25-digital-products-sold-bali-nomad-ceo","25-digital-products-sold-bali-nomad-ceo.png","[GHL_CDN_URL]/25-digital-products-sold-bali-nomad-ceo.png","LinkedIn","05/16/2026","09:00","Sold 25 digital products while in Bali. Laptop was in Pakistan.

Location doesn't matter. Timezone doesn't matter. Systems matter.

Ever made money while offline? Story?

🤖 Designed by Claude Code · auto-published via GoHighLevel + n8n. Zero manual clicks.

#Skynetlabs #Waseemnasir #NomadCEO #PassiveIncome #DigitalProducts","More systems like this → https://skynetjoe.com/?utm_source=social&utm_medium=post&utm_campaign=batch2&utm_content=25-digital-products-sold-bali-nomad-ceo

Drop questions below, I reply to every one. — Waseem","Waseem Nasir premium social post: Sold 25 digital products while in Bali. Laptop was in Pakistan. Nomad CEO brand · Skynetlabs · designed by Claude Code · automated via GoHighLevel and n8n.","Ever made money while offline? Story?","sold-offline-bali","ghl","linkedin","batch2-viral-20","25-digital-products-sold-bali-nomad-ceo"
"16","25-digital-products-sold-bali-nomad-ceo","25-digital-products-sold-bali-nomad-ceo.png","[GHL_CDN_URL]/25-digital-products-sold-bali-nomad-ceo.png","Facebook","05/16/2026","19:00","Sold 25 digital products while in Bali. Laptop was in Pakistan.

Location doesn't matter. Timezone doesn't matter. Systems matter.

Ever made money while offline? Story? 👇

🤖 Designed by Claude Code · auto-published via GoHighLevel + n8n. Zero manual clicks.

#Skynetlabs #Waseemnasir #NomadCEO","","Waseem Nasir premium social post: Sold 25 digital products while in Bali. Laptop was in Pakistan. Nomad CEO brand · Skynetlabs · designed by Claude Code · automated via GoHighLevel and n8n.","Ever made money while offline? Story?","sold-offline-bali","ghl","facebook","batch2-viral-20","25-digital-products-sold-bali-nomad-ceo"
"16","25-digital-products-sold-bali-nomad-ceo","25-digital-products-sold-bali-nomad-ceo.png","[GHL_CDN_URL]/25-digital-products-sold-bali-nomad-ceo.png","Twitter","05/16/2026","12:00","Sold 25 digital products while in Bali. Laptop was in Pakistan.

Ever made money while offline? Story?

#Skynetlabs #Waseemnasir","","Waseem Nasir premium social post: Sold 25 digital products while in Bali. Laptop was in Pakistan. Nomad CEO brand · Skynetlabs · designed by Claude Code · automated via GoHighLevel and n8n.","Ever made money while offline? Story?","sold-offline-bali","ghl","twitter","batch2-viral-20","25-digital-products-sold-bali-nomad-ceo"
"16","25-digital-products-sold-bali-nomad-ceo","25-digital-products-sold-bali-nomad-ceo.png","[GHL_CDN_URL]/25-digital-products-sold-bali-nomad-ceo.png","Pinterest","05/16/2026","20:00","Sold 25 digital products while in Bali. Laptop was in Pakistan. — Location doesn't matter. Timezone doesn't matter. Systems matter. Ever made money while offline? Story? Designed by Claude Code, auto-published via GoHighLevel + n8n. #Skynetlabs #Waseemnasir #NomadCEO","","Waseem Nasir premium social post: Sold 25 digital products while in Bali. Laptop was in Pakistan. Nomad CEO brand · Skynetlabs · designed by Claude Code · automated via GoHighLevel and n8n.","Ever made money while offline? Story?","sold-offline-bali","ghl","pinterest","batch2-viral-20","25-digital-products-sold-bali-nomad-ceo"
"17","prompt-engineering-skill-2026-future-work","prompt-engineering-skill-2026-future-work.png","[GHL_CDN_URL]/prompt-engineering-skill-2026-future-work.png","Instagram","05/17/2026","18:00","The skill you're sleeping on in 2026: prompt engineering.

Not coding. Not design. The skill of telling a machine what you want — precisely.

One skill you feel you're late on? ⬇️

🤖 Designed by Claude Code · auto-published via GoHighLevel + n8n. Zero manual clicks.

#Skynetlabs #Waseemnasir #NomadCEO #PromptEngineering #AI2026 #FutureSkills #AIAutomation #CareerAdvice #Solopreneur #BuildInPublic","More systems like this → https://skynetjoe.com/?utm_source=social&utm_medium=post&utm_campaign=batch2&utm_content=prompt-engineering-skill-2026-future-work

Drop questions below, I reply to every one. — Waseem","Waseem Nasir premium social post: The skill you're sleeping on in 2026: prompt engineering. Nomad CEO brand · Skynetlabs · designed by Claude Code · automated via GoHighLevel and n8n.","One skill you feel you're late on?","prompt-engineering-2026","ghl","instagram","batch2-viral-20","prompt-engineering-skill-2026-future-work"
"17","prompt-engineering-skill-2026-future-work","prompt-engineering-skill-2026-future-work.png","[GHL_CDN_URL]/prompt-engineering-skill-2026-future-work.png","LinkedIn","05/17/2026","09:00","The skill you're sleeping on in 2026: prompt engineering.

Not coding. Not design. The skill of telling a machine what you want — precisely.

One skill you feel you're late on?

🤖 Designed by Claude Code · auto-published via GoHighLevel + n8n. Zero manual clicks.

#Skynetlabs #Waseemnasir #NomadCEO #PromptEngineering #AI2026","More systems like this → https://skynetjoe.com/?utm_source=social&utm_medium=post&utm_campaign=batch2&utm_content=prompt-engineering-skill-2026-future-work

Drop questions below, I reply to every one. — Waseem","Waseem Nasir premium social post: The skill you're sleeping on in 2026: prompt engineering. Nomad CEO brand · Skynetlabs · designed by Claude Code · automated via GoHighLevel and n8n.","One skill you feel you're late on?","prompt-engineering-2026","ghl","linkedin","batch2-viral-20","prompt-engineering-skill-2026-future-work"
"17","prompt-engineering-skill-2026-future-work","prompt-engineering-skill-2026-future-work.png","[GHL_CDN_URL]/prompt-engineering-skill-2026-future-work.png","Facebook","05/17/2026","19:00","The skill you're sleeping on in 2026: prompt engineering.

Not coding. Not design. The skill of telling a machine what you want — precisely.

One skill you feel you're late on? 👇

🤖 Designed by Claude Code · auto-published via GoHighLevel + n8n. Zero manual clicks.

#Skynetlabs #Waseemnasir #NomadCEO","","Waseem Nasir premium social post: The skill you're sleeping on in 2026: prompt engineering. Nomad CEO brand · Skynetlabs · designed by Claude Code · automated via GoHighLevel and n8n.","One skill you feel you're late on?","prompt-engineering-2026","ghl","facebook","batch2-viral-20","prompt-engineering-skill-2026-future-work"
"17","prompt-engineering-skill-2026-future-work","prompt-engineering-skill-2026-future-work.png","[GHL_CDN_URL]/prompt-engineering-skill-2026-future-work.png","Twitter","05/17/2026","12:00","The skill you're sleeping on in 2026: prompt engineering.

One skill you feel you're late on?

#Skynetlabs #Waseemnasir","","Waseem Nasir premium social post: The skill you're sleeping on in 2026: prompt engineering. Nomad CEO brand · Skynetlabs · designed by Claude Code · automated via GoHighLevel and n8n.","One skill you feel you're late on?","prompt-engineering-2026","ghl","twitter","batch2-viral-20","prompt-engineering-skill-2026-future-work"
"17","prompt-engineering-skill-2026-future-work","prompt-engineering-skill-2026-future-work.png","[GHL_CDN_URL]/prompt-engineering-skill-2026-future-work.png","Pinterest","05/17/2026","20:00","The skill you're sleeping on in 2026: prompt engineering. — Not coding. Not design. The skill of telling a machine what you want — precisely. One skill you feel you're late on? Designed by Claude Code, auto-published via GoHighLevel + n8n. #Skynetlabs #Waseemnasir #NomadCEO","","Waseem Nasir premium social post: The skill you're sleeping on in 2026: prompt engineering. Nomad CEO brand · Skynetlabs · designed by Claude Code · automated via GoHighLevel and n8n.","One skill you feel you're late on?","prompt-engineering-2026","ghl","pinterest","batch2-viral-20","prompt-engineering-skill-2026-future-work"
"18","upwork-dead-outbound-lead-gen-freelancer","upwork-dead-outbound-lead-gen-freelancer.png","[GHL_CDN_URL]/upwork-dead-outbound-lead-gen-freelancer.png","Instagram","05/18/2026","18:00","Hot take: Upwork is dead. Long live outbound.

If your business depends on someone else's platform — you don't have a business. You have a hobby with extra steps.

Where do your best clients actually find you? ⬇️

🤖 Designed by Claude Code · auto-published via GoHighLevel + n8n. Zero manual clicks.

#Skynetlabs #Waseemnasir #NomadCEO #Outbound #LeadGen #FreelancerLife #OwnYourAudience #B2BSales #Solopreneur #BuildInPublic","More systems like this → https://skynetjoe.com/?utm_source=social&utm_medium=post&utm_campaign=batch2&utm_content=upwork-dead-outbound-lead-gen-freelancer

Drop questions below, I reply to every one. — Waseem","Waseem Nasir premium social post: Hot take: Upwork is dead. Long live outbound. Nomad CEO brand · Skynetlabs · designed by Claude Code · automated via GoHighLevel and n8n.","Where do your best clients actually find you?","upwork-dead-outbound","ghl","instagram","batch2-viral-20","upwork-dead-outbound-lead-gen-freelancer"
"18","upwork-dead-outbound-lead-gen-freelancer","upwork-dead-outbound-lead-gen-freelancer.png","[GHL_CDN_URL]/upwork-dead-outbound-lead-gen-freelancer.png","LinkedIn","05/18/2026","09:00","Hot take: Upwork is dead. Long live outbound.

If your business depends on someone else's platform — you don't have a business. You have a hobby with extra steps.

Where do your best clients actually find you?

🤖 Designed by Claude Code · auto-published via GoHighLevel + n8n. Zero manual clicks.

#Skynetlabs #Waseemnasir #NomadCEO #Outbound #LeadGen","More systems like this → https://skynetjoe.com/?utm_source=social&utm_medium=post&utm_campaign=batch2&utm_content=upwork-dead-outbound-lead-gen-freelancer

Drop questions below, I reply to every one. — Waseem","Waseem Nasir premium social post: Hot take: Upwork is dead. Long live outbound. Nomad CEO brand · Skynetlabs · designed by Claude Code · automated via GoHighLevel and n8n.","Where do your best clients actually find you?","upwork-dead-outbound","ghl","linkedin","batch2-viral-20","upwork-dead-outbound-lead-gen-freelancer"
"18","upwork-dead-outbound-lead-gen-freelancer","upwork-dead-outbound-lead-gen-freelancer.png","[GHL_CDN_URL]/upwork-dead-outbound-lead-gen-freelancer.png","Facebook","05/18/2026","19:00","Hot take: Upwork is dead. Long live outbound.

If your business depends on someone else's platform — you don't have a business. You have a hobby with extra steps.

Where do your best clients actually find you? 👇

🤖 Designed by Claude Code · auto-published via GoHighLevel + n8n. Zero manual clicks.

#Skynetlabs #Waseemnasir #NomadCEO","","Waseem Nasir premium social post: Hot take: Upwork is dead. Long live outbound. Nomad CEO brand · Skynetlabs · designed by Claude Code · automated via GoHighLevel and n8n.","Where do your best clients actually find you?","upwork-dead-outbound","ghl","facebook","batch2-viral-20","upwork-dead-outbound-lead-gen-freelancer"
"18","upwork-dead-outbound-lead-gen-freelancer","upwork-dead-outbound-lead-gen-freelancer.png","[GHL_CDN_URL]/upwork-dead-outbound-lead-gen-freelancer.png","Twitter","05/18/2026","12:00","Hot take: Upwork is dead. Long live outbound.

Where do your best clients actually find you?

#Skynetlabs #Waseemnasir","","Waseem Nasir premium social post: Hot take: Upwork is dead. Long live outbound. Nomad CEO brand · Skynetlabs · designed by Claude Code · automated via GoHighLevel and n8n.","Where do your best clients actually find you?","upwork-dead-outbound","ghl","twitter","batch2-viral-20","upwork-dead-outbound-lead-gen-freelancer"
"18","upwork-dead-outbound-lead-gen-freelancer","upwork-dead-outbound-lead-gen-freelancer.png","[GHL_CDN_URL]/upwork-dead-outbound-lead-gen-freelancer.png","Pinterest","05/18/2026","20:00","Hot take: Upwork is dead. Long live outbound. — If your business depends on someone else's platform — you don't have a business. You have a hobby with extra steps. Where do your best clients actually find you? Designed by Claude Code, auto-published via GoHighLevel + n8n. #Skynetlabs #Waseemnasir #NomadCEO","","Waseem Nasir premium social post: Hot take: Upwork is dead. Long live outbound. Nomad CEO brand · Skynetlabs · designed by Claude Code · automated via GoHighLevel and n8n.","Where do your best clients actually find you?","upwork-dead-outbound","ghl","pinterest","batch2-viral-20","upwork-dead-outbound-lead-gen-freelancer"
"19","ai-orchestration-8-projects-one-day-founder","ai-orchestration-8-projects-one-day-founder.png","[GHL_CDN_URL]/ai-orchestration-8-projects-one-day-founder.png","Instagram","05/19/2026","18:00","Founder ships 8 projects in one day. Truth: I didn't write 8. I orchestrated them. Claude drafted. n8n routed. Remotion rendered.

The new title isn't 'founder.' It's 'conductor.'

8 projects/day — believable or capped at 3? ⬇️

🤖 Designed by Claude Code · auto-published via GoHighLevel + n8n. Zero manual clicks.

#Skynetlabs #Waseemnasir #NomadCEO #AIOrchestration #Productivity #SoloFounder #AIAgents #BuildInPublic #FounderLife #AIAutomation","More systems like this → https://skynetjoe.com/?utm_source=social&utm_medium=post&utm_campaign=batch2&utm_content=ai-orchestration-8-projects-one-day-founder

Drop questions below, I reply to every one. — Waseem","Waseem Nasir premium social post: Founder ships 8 projects in one day. Truth: I didn't write 8. I orchestrated them. Claude drafted. n8n routed. Remotion rendered. Nomad CEO brand · Skynetlabs · designed by Claude Code · automated via GoHighLevel and n8n.","8 projects/day — believable or capped at 3?","8-projects-one-day","ghl","instagram","batch2-viral-20","ai-orchestration-8-projects-one-day-founder"
"19","ai-orchestration-8-projects-one-day-founder","ai-orchestration-8-projects-one-day-founder.png","[GHL_CDN_URL]/ai-orchestration-8-projects-one-day-founder.png","LinkedIn","05/19/2026","09:00","Founder ships 8 projects in one day. Truth: I didn't write 8. I orchestrated them. Claude drafted. n8n routed. Remotion rendered.

The new title isn't 'founder.' It's 'conductor.'

8 projects/day — believable or capped at 3?

🤖 Designed by Claude Code · auto-published via GoHighLevel + n8n. Zero manual clicks.

#Skynetlabs #Waseemnasir #NomadCEO #AIOrchestration #Productivity","More systems like this → https://skynetjoe.com/?utm_source=social&utm_medium=post&utm_campaign=batch2&utm_content=ai-orchestration-8-projects-one-day-founder

Drop questions below, I reply to every one. — Waseem","Waseem Nasir premium social post: Founder ships 8 projects in one day. Truth: I didn't write 8. I orchestrated them. Claude drafted. n8n routed. Remotion rendered. Nomad CEO brand · Skynetlabs · designed by Claude Code · automated via GoHighLevel and n8n.","8 projects/day — believable or capped at 3?","8-projects-one-day","ghl","linkedin","batch2-viral-20","ai-orchestration-8-projects-one-day-founder"
"19","ai-orchestration-8-projects-one-day-founder","ai-orchestration-8-projects-one-day-founder.png","[GHL_CDN_URL]/ai-orchestration-8-projects-one-day-founder.png","Facebook","05/19/2026","19:00","Founder ships 8 projects in one day. Truth: I didn't write 8. I orchestrated them. Claude drafted. n8n routed. Remotion rendered.

The new title isn't 'founder.' It's 'conductor.'

8 projects/day — believable or capped at 3? 👇

🤖 Designed by Claude Code · auto-published via GoHighLevel + n8n. Zero manual clicks.

#Skynetlabs #Waseemnasir #NomadCEO","","Waseem Nasir premium social post: Founder ships 8 projects in one day. Truth: I didn't write 8. I orchestrated them. Claude drafted. n8n routed. Remotion rendered. Nomad CEO brand · Skynetlabs · designed by Claude Code · automated via GoHighLevel and n8n.","8 projects/day — believable or capped at 3?","8-projects-one-day","ghl","facebook","batch2-viral-20","ai-orchestration-8-projects-one-day-founder"
"19","ai-orchestration-8-projects-one-day-founder","ai-orchestration-8-projects-one-day-founder.png","[GHL_CDN_URL]/ai-orchestration-8-projects-one-day-founder.png","Twitter","05/19/2026","12:00","Founder ships 8 projects in one day. Truth: I didn't write 8. I orchestrated them. Claude drafted. n8n routed. Remotion rendered.

8 projects/day — believable or capped at 3?

#Skynetlabs #Waseemnasir","","Waseem Nasir premium social post: Founder ships 8 projects in one day. Truth: I didn't write 8. I orchestrated them. Claude drafted. n8n routed. Remotion rendered. Nomad CEO brand · Skynetlabs · designed by Claude Code · automated via GoHighLevel and n8n.","8 projects/day — believable or capped at 3?","8-projects-one-day","ghl","twitter","batch2-viral-20","ai-orchestration-8-projects-one-day-founder"
"19","ai-orchestration-8-projects-one-day-founder","ai-orchestration-8-projects-one-day-founder.png","[GHL_CDN_URL]/ai-orchestration-8-projects-one-day-founder.png","Pinterest","05/19/2026","20:00","Founder ships 8 projects in one day. Truth: I didn't write 8. I orchestrated them. Claude drafted. n8n routed. Remotion rendered. — The new title isn't 'founder.' It's 'conductor.' 8 projects/day — believable or capped at 3? Designed by Claude Code, auto-published via GoHighLevel + n8n. #Skynetlabs #Waseemnasir #NomadCEO","","Waseem Nasir premium social post: Founder ships 8 projects in one day. Truth: I didn't write 8. I orchestrated them. Claude drafted. n8n routed. Remotion rendered. Nomad CEO brand · Skynetlabs · designed by Claude Code · automated via GoHighLevel and n8n.","8 projects/day — believable or capped at 3?","8-projects-one-day","ghl","pinterest","batch2-viral-20","ai-orchestration-8-projects-one-day-founder"
"20","built-bali-sold-new-york-remote-nomad-ceo","built-bali-sold-new-york-remote-nomad-ceo.png","[GHL_CDN_URL]/built-bali-sold-new-york-remote-nomad-ceo.png","Instagram","05/20/2026","18:00","Built in Bali. Sold in New York.

Old play: move where money is. New play: send systems where money is, stay where you love.

Where are you building from? Drop your city. ⬇️

🤖 Designed by Claude Code · auto-published via GoHighLevel + n8n. Zero manual clicks.

#Skynetlabs #Waseemnasir #NomadCEO #DigitalNomad #RemoteLife #BuildFromAnywhere #FounderLife #Solopreneur #RemoteWork #BuildInPublic","More systems like this → https://skynetjoe.com/?utm_source=social&utm_medium=post&utm_campaign=batch2&utm_content=built-bali-sold-new-york-remote-nomad-ceo

Drop questions below, I reply to every one. — Waseem","Waseem Nasir premium social post: Built in Bali. Sold in New York. Nomad CEO brand · Skynetlabs · designed by Claude Code · automated via GoHighLevel and n8n.","Where are you building from? Drop your city.","built-bali-sold-ny","ghl","instagram","batch2-viral-20","built-bali-sold-new-york-remote-nomad-ceo"
"20","built-bali-sold-new-york-remote-nomad-ceo","built-bali-sold-new-york-remote-nomad-ceo.png","[GHL_CDN_URL]/built-bali-sold-new-york-remote-nomad-ceo.png","LinkedIn","05/20/2026","09:00","Built in Bali. Sold in New York.

Old play: move where money is. New play: send systems where money is, stay where you love.

Where are you building from? Drop your city.

🤖 Designed by Claude Code · auto-published via GoHighLevel + n8n. Zero manual clicks.

#Skynetlabs #Waseemnasir #NomadCEO #DigitalNomad #RemoteLife","More systems like this → https://skynetjoe.com/?utm_source=social&utm_medium=post&utm_campaign=batch2&utm_content=built-bali-sold-new-york-remote-nomad-ceo

Drop questions below, I reply to every one. — Waseem","Waseem Nasir premium social post: Built in Bali. Sold in New York. Nomad CEO brand · Skynetlabs · designed by Claude Code · automated via GoHighLevel and n8n.","Where are you building from? Drop your city.","built-bali-sold-ny","ghl","linkedin","batch2-viral-20","built-bali-sold-new-york-remote-nomad-ceo"
"20","built-bali-sold-new-york-remote-nomad-ceo","built-bali-sold-new-york-remote-nomad-ceo.png","[GHL_CDN_URL]/built-bali-sold-new-york-remote-nomad-ceo.png","Facebook","05/20/2026","19:00","Built in Bali. Sold in New York.

Old play: move where money is. New play: send systems where money is, stay where you love.

Where are you building from? Drop your city. 👇

🤖 Designed by Claude Code · auto-published via GoHighLevel + n8n. Zero manual clicks.

#Skynetlabs #Waseemnasir #NomadCEO","","Waseem Nasir premium social post: Built in Bali. Sold in New York. Nomad CEO brand · Skynetlabs · designed by Claude Code · automated via GoHighLevel and n8n.","Where are you building from? Drop your city.","built-bali-sold-ny","ghl","facebook","batch2-viral-20","built-bali-sold-new-york-remote-nomad-ceo"
"20","built-bali-sold-new-york-remote-nomad-ceo","built-bali-sold-new-york-remote-nomad-ceo.png","[GHL_CDN_URL]/built-bali-sold-new-york-remote-nomad-ceo.png","Twitter","05/20/2026","12:00","Built in Bali. Sold in New York.

Where are you building from? Drop your city.

#Skynetlabs #Waseemnasir","","Waseem Nasir premium social post: Built in Bali. Sold in New York. Nomad CEO brand · Skynetlabs · designed by Claude Code · automated via GoHighLevel and n8n.","Where are you building from? Drop your city.","built-bali-sold-ny","ghl","twitter","batch2-viral-20","built-bali-sold-new-york-remote-nomad-ceo"
"20","built-bali-sold-new-york-remote-nomad-ceo","built-bali-sold-new-york-remote-nomad-ceo.png","[GHL_CDN_URL]/built-bali-sold-new-york-remote-nomad-ceo.png","Pinterest","05/20/2026","20:00","Built in Bali. Sold in New York. — Old play: move where money is. New play: send systems where money is, stay where you love. Where are you building from? Drop your city. Designed by Claude Code, auto-published via GoHighLevel + n8n. #Skynetlabs #Waseemnasir #NomadCEO","","Waseem Nasir premium social post: Built in Bali. Sold in New York. Nomad CEO brand · Skynetlabs · designed by Claude Code · automated via GoHighLevel and n8n.","Where are you building from? Drop your city.","built-bali-sold-ny","ghl","pinterest","batch2-viral-20","built-bali-sold-new-york-remote-nomad-ceo"
