"Post Date","Post Time","Channel","Post Content","Media URL","First Comment"
"05/01/2026","18:00","Instagram","In 2026, not hiring an AI agent is like refusing email in 2005.

Cheap. Never sleeps. Learns your style in an afternoon.

Which task would you hand off first? ⬇️

🤖 Designed by Claude Code · auto-published via GoHighLevel + n8n. Zero manual clicks.

#Skynetlabs #Waseemnasir #NomadCEO #AIAutomation #BuildInPublic #AIAgents #FounderLife #Solopreneur #AI2026 #SmallBusinessTips #AutomationForBusiness","[GHL_CDN_URL]/ai-agent-hire-2026-waseem-nasir-nomad-ceo.png","More systems like this → https://skynetjoe.com/?utm_source=social&utm_medium=post&utm_campaign=batch2&utm_content=ai-agent-hire-2026-waseem-nasir-nomad-ceo

Drop questions below, I reply to every one. — Waseem"
"05/01/2026","09:00","LinkedIn","In 2026, not hiring an AI agent is like refusing email in 2005.

Cheap. Never sleeps. Learns your style in an afternoon.

Which task would you hand off first?

🤖 Designed by Claude Code · auto-published via GoHighLevel + n8n. Zero manual clicks.

#Skynetlabs #Waseemnasir #NomadCEO #AIAutomation #BuildInPublic","[GHL_CDN_URL]/ai-agent-hire-2026-waseem-nasir-nomad-ceo.png","More systems like this → https://skynetjoe.com/?utm_source=social&utm_medium=post&utm_campaign=batch2&utm_content=ai-agent-hire-2026-waseem-nasir-nomad-ceo

Drop questions below, I reply to every one. — Waseem"
"05/01/2026","19:00","Facebook","In 2026, not hiring an AI agent is like refusing email in 2005.

Cheap. Never sleeps. Learns your style in an afternoon.

Which task would you hand off first? 👇

🤖 Designed by Claude Code · auto-published via GoHighLevel + n8n. Zero manual clicks.

#Skynetlabs #Waseemnasir #NomadCEO","[GHL_CDN_URL]/ai-agent-hire-2026-waseem-nasir-nomad-ceo.png",""
"05/01/2026","12:00","Twitter","In 2026, not hiring an AI agent is like refusing email in 2005.

Which task would you hand off first?

#Skynetlabs #Waseemnasir","[GHL_CDN_URL]/ai-agent-hire-2026-waseem-nasir-nomad-ceo.png",""
"05/01/2026","20:00","Pinterest","In 2026, not hiring an AI agent is like refusing email in 2005. — Cheap. Never sleeps. Learns your style in an afternoon. Which task would you hand off first? Designed by Claude Code, auto-published via GoHighLevel + n8n. #Skynetlabs #Waseemnasir #NomadCEO","[GHL_CDN_URL]/ai-agent-hire-2026-waseem-nasir-nomad-ceo.png",""
"05/02/2026","18:00","Instagram","I sleep 8 hours. My agents work 24.

If your business stops when you stop — you have a job, not a business.

What did your agents ship while you slept? ⬇️

🤖 Designed by Claude Code · auto-published via GoHighLevel + n8n. Zero manual clicks.

#Skynetlabs #Waseemnasir #NomadCEO #AIAgents #n8n #FounderLife #PassiveIncome #AutomationForBusiness #Solopreneur #BuildInPublic #AI2026","[GHL_CDN_URL]/sleep-8-hours-agents-work-24-ai-automation.png","More systems like this → https://skynetjoe.com/?utm_source=social&utm_medium=post&utm_campaign=batch2&utm_content=sleep-8-hours-agents-work-24-ai-automation

Drop questions below, I reply to every one. — Waseem"
"05/02/2026","09:00","LinkedIn","I sleep 8 hours. My agents work 24.

If your business stops when you stop — you have a job, not a business.

What did your agents ship while you slept?

🤖 Designed by Claude Code · auto-published via GoHighLevel + n8n. Zero manual clicks.

#Skynetlabs #Waseemnasir #NomadCEO #AIAgents #n8n","[GHL_CDN_URL]/sleep-8-hours-agents-work-24-ai-automation.png","More systems like this → https://skynetjoe.com/?utm_source=social&utm_medium=post&utm_campaign=batch2&utm_content=sleep-8-hours-agents-work-24-ai-automation

Drop questions below, I reply to every one. — Waseem"
"05/02/2026","19:00","Facebook","I sleep 8 hours. My agents work 24.

If your business stops when you stop — you have a job, not a business.

What did your agents ship while you slept? 👇

🤖 Designed by Claude Code · auto-published via GoHighLevel + n8n. Zero manual clicks.

#Skynetlabs #Waseemnasir #NomadCEO","[GHL_CDN_URL]/sleep-8-hours-agents-work-24-ai-automation.png",""
"05/02/2026","12:00","Twitter","I sleep 8 hours. My agents work 24.

What did your agents ship while you slept?

#Skynetlabs #Waseemnasir","[GHL_CDN_URL]/sleep-8-hours-agents-work-24-ai-automation.png",""
"05/02/2026","20:00","Pinterest","I sleep 8 hours. My agents work 24. — If your business stops when you stop — you have a job, not a business. What did your agents ship while you slept? Designed by Claude Code, auto-published via GoHighLevel + n8n. #Skynetlabs #Waseemnasir #NomadCEO","[GHL_CDN_URL]/sleep-8-hours-agents-work-24-ai-automation.png",""
"05/03/2026","18:00","Instagram","Everyone's busy. Nobody's productive.

Inbox zero = symptom. 50 meetings = friction. Grinding without systems = avoidance.

What were you busy with last week that produced nothing? ⬇️

🤖 Designed by Claude Code · auto-published via GoHighLevel + n8n. Zero manual clicks.

#Skynetlabs #Waseemnasir #NomadCEO #Productivity #FounderLife #AntiHustle #DeepWork #Solopreneur #BuildInPublic #TimeManagement","[GHL_CDN_URL]/busy-vs-productive-founder-leverage-2026.png","More systems like this → https://skynetjoe.com/?utm_source=social&utm_medium=post&utm_campaign=batch2&utm_content=busy-vs-productive-founder-leverage-2026

Drop questions below, I reply to every one. — Waseem"
"05/03/2026","09:00","LinkedIn","Everyone's busy. Nobody's productive.

Inbox zero = symptom. 50 meetings = friction. Grinding without systems = avoidance.

What were you busy with last week that produced nothing?

🤖 Designed by Claude Code · auto-published via GoHighLevel + n8n. Zero manual clicks.

#Skynetlabs #Waseemnasir #NomadCEO #Productivity #FounderLife","[GHL_CDN_URL]/busy-vs-productive-founder-leverage-2026.png","More systems like this → https://skynetjoe.com/?utm_source=social&utm_medium=post&utm_campaign=batch2&utm_content=busy-vs-productive-founder-leverage-2026

Drop questions below, I reply to every one. — Waseem"
"05/03/2026","19:00","Facebook","Everyone's busy. Nobody's productive.

Inbox zero = symptom. 50 meetings = friction. Grinding without systems = avoidance.

What were you busy with last week that produced nothing? 👇

🤖 Designed by Claude Code · auto-published via GoHighLevel + n8n. Zero manual clicks.

#Skynetlabs #Waseemnasir #NomadCEO","[GHL_CDN_URL]/busy-vs-productive-founder-leverage-2026.png",""
"05/03/2026","12:00","Twitter","Everyone's busy. Nobody's productive.

What were you busy with last week that produced nothing?

#Skynetlabs #Waseemnasir","[GHL_CDN_URL]/busy-vs-productive-founder-leverage-2026.png",""
"05/03/2026","20:00","Pinterest","Everyone's busy. Nobody's productive. — Inbox zero = symptom. 50 meetings = friction. Grinding without systems = avoidance. What were you busy with last week that produced nothing? Designed by Claude Code, auto-published via GoHighLevel + n8n. #Skynetlabs #Waseemnasir #NomadCEO","[GHL_CDN_URL]/busy-vs-productive-founder-leverage-2026.png",""
"05/04/2026","18:00","Instagram","You don't need more hours. You need more agents.

Founders winning in 2026 run 16-agent stacks and work 4 hours a day.

How many hours a week are you trading for agent-tasks? ⬇️

🤖 Designed by Claude Code · auto-published via GoHighLevel + n8n. Zero manual clicks.

#Skynetlabs #Waseemnasir #NomadCEO #AIAutomation #Leverage #FounderLife #AIAgents #Solopreneur #BuildInPublic #AI2026","[GHL_CDN_URL]/more-agents-not-more-hours-ai-automation.png","More systems like this → https://skynetjoe.com/?utm_source=social&utm_medium=post&utm_campaign=batch2&utm_content=more-agents-not-more-hours-ai-automation

Drop questions below, I reply to every one. — Waseem"
"05/04/2026","09:00","LinkedIn","You don't need more hours. You need more agents.

Founders winning in 2026 run 16-agent stacks and work 4 hours a day.

How many hours a week are you trading for agent-tasks?

🤖 Designed by Claude Code · auto-published via GoHighLevel + n8n. Zero manual clicks.

#Skynetlabs #Waseemnasir #NomadCEO #AIAutomation #Leverage","[GHL_CDN_URL]/more-agents-not-more-hours-ai-automation.png","More systems like this → https://skynetjoe.com/?utm_source=social&utm_medium=post&utm_campaign=batch2&utm_content=more-agents-not-more-hours-ai-automation

Drop questions below, I reply to every one. — Waseem"
"05/04/2026","19:00","Facebook","You don't need more hours. You need more agents.

Founders winning in 2026 run 16-agent stacks and work 4 hours a day.

How many hours a week are you trading for agent-tasks? 👇

🤖 Designed by Claude Code · auto-published via GoHighLevel + n8n. Zero manual clicks.

#Skynetlabs #Waseemnasir #NomadCEO","[GHL_CDN_URL]/more-agents-not-more-hours-ai-automation.png",""
"05/04/2026","12:00","Twitter","You don't need more hours. You need more agents.

How many hours a week are you trading for agent-tasks?

#Skynetlabs #Waseemnasir","[GHL_CDN_URL]/more-agents-not-more-hours-ai-automation.png",""
"05/04/2026","20:00","Pinterest","You don't need more hours. You need more agents. — Founders winning in 2026 run 16-agent stacks and work 4 hours a day. How many hours a week are you trading for agent-tasks? Designed by Claude Code, auto-published via GoHighLevel + n8n. #Skynetlabs #Waseemnasir #NomadCEO","[GHL_CDN_URL]/more-agents-not-more-hours-ai-automation.png",""
"05/05/2026","18:00","Instagram","Your to-do list is your AI's prompt list.

Every repeating task = workflow. Every 'next week' = cron job.

If your to-do list was a prompt, what's task #1? ⬇️

🤖 Designed by Claude Code · auto-published via GoHighLevel + n8n. Zero manual clicks.

#Skynetlabs #Waseemnasir #NomadCEO #PromptEngineering #n8n #AIAutomation #NoCode #AIAgents #Productivity #AI2026","[GHL_CDN_URL]/todo-list-ai-prompt-list-n8n-workflow.png","More systems like this → https://skynetjoe.com/?utm_source=social&utm_medium=post&utm_campaign=batch2&utm_content=todo-list-ai-prompt-list-n8n-workflow

Drop questions below, I reply to every one. — Waseem"
"05/05/2026","09:00","LinkedIn","Your to-do list is your AI's prompt list.

Every repeating task = workflow. Every 'next week' = cron job.

If your to-do list was a prompt, what's task #1?

🤖 Designed by Claude Code · auto-published via GoHighLevel + n8n. Zero manual clicks.

#Skynetlabs #Waseemnasir #NomadCEO #PromptEngineering #n8n","[GHL_CDN_URL]/todo-list-ai-prompt-list-n8n-workflow.png","More systems like this → https://skynetjoe.com/?utm_source=social&utm_medium=post&utm_campaign=batch2&utm_content=todo-list-ai-prompt-list-n8n-workflow

Drop questions below, I reply to every one. — Waseem"
"05/05/2026","19:00","Facebook","Your to-do list is your AI's prompt list.

Every repeating task = workflow. Every 'next week' = cron job.

If your to-do list was a prompt, what's task #1? 👇

🤖 Designed by Claude Code · auto-published via GoHighLevel + n8n. Zero manual clicks.

#Skynetlabs #Waseemnasir #NomadCEO","[GHL_CDN_URL]/todo-list-ai-prompt-list-n8n-workflow.png",""
"05/05/2026","12:00","Twitter","Your to-do list is your AI's prompt list.

If your to-do list was a prompt, what's task #1?

#Skynetlabs #Waseemnasir","[GHL_CDN_URL]/todo-list-ai-prompt-list-n8n-workflow.png",""
"05/05/2026","20:00","Pinterest","Your to-do list is your AI's prompt list. — Every repeating task = workflow. Every 'next week' = cron job. If your to-do list was a prompt, what's task #1? Designed by Claude Code, auto-published via GoHighLevel + n8n. #Skynetlabs #Waseemnasir #NomadCEO","[GHL_CDN_URL]/todo-list-ai-prompt-list-n8n-workflow.png",""
"05/06/2026","18:00","Instagram","LinkedIn is free. Most still can't use it.

900M users. Lowest competition. Organic reach still works.

What free tool are you underusing? ⬇️

🤖 Designed by Claude Code · auto-published via GoHighLevel + n8n. Zero manual clicks.

#Skynetlabs #Waseemnasir #NomadCEO #LinkedInGrowth #PersonalBrand #ContentStrategy #Solopreneur #LinkedInTips #B2BMarketing #FounderLife","[GHL_CDN_URL]/linkedin-free-personal-brand-growth-2026.png","More systems like this → https://skynetjoe.com/?utm_source=social&utm_medium=post&utm_campaign=batch2&utm_content=linkedin-free-personal-brand-growth-2026

Drop questions below, I reply to every one. — Waseem"
"05/06/2026","09:00","LinkedIn","LinkedIn is free. Most still can't use it.

900M users. Lowest competition. Organic reach still works.

What free tool are you underusing?

🤖 Designed by Claude Code · auto-published via GoHighLevel + n8n. Zero manual clicks.

#Skynetlabs #Waseemnasir #NomadCEO #LinkedInGrowth #PersonalBrand","[GHL_CDN_URL]/linkedin-free-personal-brand-growth-2026.png","More systems like this → https://skynetjoe.com/?utm_source=social&utm_medium=post&utm_campaign=batch2&utm_content=linkedin-free-personal-brand-growth-2026

Drop questions below, I reply to every one. — Waseem"
"05/06/2026","19:00","Facebook","LinkedIn is free. Most still can't use it.

900M users. Lowest competition. Organic reach still works.

What free tool are you underusing? 👇

🤖 Designed by Claude Code · auto-published via GoHighLevel + n8n. Zero manual clicks.

#Skynetlabs #Waseemnasir #NomadCEO","[GHL_CDN_URL]/linkedin-free-personal-brand-growth-2026.png",""
"05/06/2026","12:00","Twitter","LinkedIn is free. Most still can't use it.

What free tool are you underusing?

#Skynetlabs #Waseemnasir","[GHL_CDN_URL]/linkedin-free-personal-brand-growth-2026.png",""
"05/06/2026","20:00","Pinterest","LinkedIn is free. Most still can't use it. — 900M users. Lowest competition. Organic reach still works. What free tool are you underusing? Designed by Claude Code, auto-published via GoHighLevel + n8n. #Skynetlabs #Waseemnasir #NomadCEO","[GHL_CDN_URL]/linkedin-free-personal-brand-growth-2026.png",""
"05/07/2026","18:00","Instagram","Rule 01: Ship ugly. Iterate in public. Get paid.

First landing page: ugly. Made $5k. First n8n workflow: 3 nodes. Replaced a VA.

What are you overthinking instead of shipping? ⬇️

🤖 Designed by Claude Code · auto-published via GoHighLevel + n8n. Zero manual clicks.

#Skynetlabs #Waseemnasir #NomadCEO #BuildInPublic #ShipFast #IndieHackers #FounderLife #Solopreneur #MVP #StartupLife","[GHL_CDN_URL]/ship-ugly-iterate-public-founder-rule-01.png","More systems like this → https://skynetjoe.com/?utm_source=social&utm_medium=post&utm_campaign=batch2&utm_content=ship-ugly-iterate-public-founder-rule-01

Drop questions below, I reply to every one. — Waseem"
"05/07/2026","09:00","LinkedIn","Rule 01: Ship ugly. Iterate in public. Get paid.

First landing page: ugly. Made $5k. First n8n workflow: 3 nodes. Replaced a VA.

What are you overthinking instead of shipping?

🤖 Designed by Claude Code · auto-published via GoHighLevel + n8n. Zero manual clicks.

#Skynetlabs #Waseemnasir #NomadCEO #BuildInPublic #ShipFast","[GHL_CDN_URL]/ship-ugly-iterate-public-founder-rule-01.png","More systems like this → https://skynetjoe.com/?utm_source=social&utm_medium=post&utm_campaign=batch2&utm_content=ship-ugly-iterate-public-founder-rule-01

Drop questions below, I reply to every one. — Waseem"
"05/07/2026","19:00","Facebook","Rule 01: Ship ugly. Iterate in public. Get paid.

First landing page: ugly. Made $5k. First n8n workflow: 3 nodes. Replaced a VA.

What are you overthinking instead of shipping? 👇

🤖 Designed by Claude Code · auto-published via GoHighLevel + n8n. Zero manual clicks.

#Skynetlabs #Waseemnasir #NomadCEO","[GHL_CDN_URL]/ship-ugly-iterate-public-founder-rule-01.png",""
"05/07/2026","12:00","Twitter","Rule 01: Ship ugly. Iterate in public. Get paid.

What are you overthinking instead of shipping?

#Skynetlabs #Waseemnasir","[GHL_CDN_URL]/ship-ugly-iterate-public-founder-rule-01.png",""
"05/07/2026","20:00","Pinterest","Rule 01: Ship ugly. Iterate in public. Get paid. — First landing page: ugly. Made $5k. First n8n workflow: 3 nodes. Replaced a VA. What are you overthinking instead of shipping? Designed by Claude Code, auto-published via GoHighLevel + n8n. #Skynetlabs #Waseemnasir #NomadCEO","[GHL_CDN_URL]/ship-ugly-iterate-public-founder-rule-01.png",""
"05/08/2026","18:00","Instagram","Client at 2am: 'how did you ship 12 videos in one night?' Me: 'I didn't. My agents did. I was sleeping.'

This is what leverage looks like in 2026.

If you could text me one question at 2am — what would it be? ⬇️

🤖 Designed by Claude Code · auto-published via GoHighLevel + n8n. Zero manual clicks.

#Skynetlabs #Waseemnasir #NomadCEO #AIAutomation #VideoAutomation #Remotion #AIAgents #ContentCreation #Solopreneur #BuildInPublic","[GHL_CDN_URL]/client-2am-ai-video-automation-remotion.png","More systems like this → https://skynetjoe.com/?utm_source=social&utm_medium=post&utm_campaign=batch2&utm_content=client-2am-ai-video-automation-remotion

Drop questions below, I reply to every one. — Waseem"
"05/08/2026","09:00","LinkedIn","Client at 2am: 'how did you ship 12 videos in one night?' Me: 'I didn't. My agents did. I was sleeping.'

This is what leverage looks like in 2026.

If you could text me one question at 2am — what would it be?

🤖 Designed by Claude Code · auto-published via GoHighLevel + n8n. Zero manual clicks.

#Skynetlabs #Waseemnasir #NomadCEO #AIAutomation #VideoAutomation","[GHL_CDN_URL]/client-2am-ai-video-automation-remotion.png","More systems like this → https://skynetjoe.com/?utm_source=social&utm_medium=post&utm_campaign=batch2&utm_content=client-2am-ai-video-automation-remotion

Drop questions below, I reply to every one. — Waseem"
"05/08/2026","19:00","Facebook","Client at 2am: 'how did you ship 12 videos in one night?' Me: 'I didn't. My agents did. I was sleeping.'

This is what leverage looks like in 2026.

If you could text me one question at 2am — what would it be? 👇

🤖 Designed by Claude Code · auto-published via GoHighLevel + n8n. Zero manual clicks.

#Skynetlabs #Waseemnasir #NomadCEO","[GHL_CDN_URL]/client-2am-ai-video-automation-remotion.png",""
"05/08/2026","12:00","Twitter","Client at 2am: 'how did you ship 12 videos in one night?' Me: 'I didn't. My agents did. I was sleeping.'

If you could text me one question at 2am — what would it be?

#Skynetlabs #Waseemnasir","[GHL_CDN_URL]/client-2am-ai-video-automation-remotion.png",""
"05/08/2026","20:00","Pinterest","Client at 2am: 'how did you ship 12 videos in one night?' Me: 'I didn't. My agents did. I was sleeping.' — This is what leverage looks like in 2026. If you could text me one question at 2am — what would it be? Designed by Claude Code, auto-published via GoHighLevel + n8n. #Skynetlabs #Waseemnasir #NomadCEO","[GHL_CDN_URL]/client-2am-ai-video-automation-remotion.png",""
"05/09/2026","18:00","Instagram","Skill stack > degree stack.

Nobody asks about your diploma when you ship. They ask about your GitHub, your workflows, your results.

One skill you taught yourself this year? ⬇️

🤖 Designed by Claude Code · auto-published via GoHighLevel + n8n. Zero manual clicks.

#Skynetlabs #Waseemnasir #NomadCEO #SelfTaught #SkillStack #BuildInPublic #IndiePreneur #CareerAdvice #FounderLife #LearnInPublic","[GHL_CDN_URL]/skill-stack-beats-degree-stack-2026.png","More systems like this → https://skynetjoe.com/?utm_source=social&utm_medium=post&utm_campaign=batch2&utm_content=skill-stack-beats-degree-stack-2026

Drop questions below, I reply to every one. — Waseem"
"05/09/2026","09:00","LinkedIn","Skill stack > degree stack.

Nobody asks about your diploma when you ship. They ask about your GitHub, your workflows, your results.

One skill you taught yourself this year?

🤖 Designed by Claude Code · auto-published via GoHighLevel + n8n. Zero manual clicks.

#Skynetlabs #Waseemnasir #NomadCEO #SelfTaught #SkillStack","[GHL_CDN_URL]/skill-stack-beats-degree-stack-2026.png","More systems like this → https://skynetjoe.com/?utm_source=social&utm_medium=post&utm_campaign=batch2&utm_content=skill-stack-beats-degree-stack-2026

Drop questions below, I reply to every one. — Waseem"
"05/09/2026","19:00","Facebook","Skill stack > degree stack.

Nobody asks about your diploma when you ship. They ask about your GitHub, your workflows, your results.

One skill you taught yourself this year? 👇

🤖 Designed by Claude Code · auto-published via GoHighLevel + n8n. Zero manual clicks.

#Skynetlabs #Waseemnasir #NomadCEO","[GHL_CDN_URL]/skill-stack-beats-degree-stack-2026.png",""
"05/09/2026","12:00","Twitter","Skill stack > degree stack.

One skill you taught yourself this year?

#Skynetlabs #Waseemnasir","[GHL_CDN_URL]/skill-stack-beats-degree-stack-2026.png",""
"05/09/2026","20:00","Pinterest","Skill stack > degree stack. — Nobody asks about your diploma when you ship. They ask about your GitHub, your workflows, your results. One skill you taught yourself this year? Designed by Claude Code, auto-published via GoHighLevel + n8n. #Skynetlabs #Waseemnasir #NomadCEO","[GHL_CDN_URL]/skill-stack-beats-degree-stack-2026.png",""
"05/10/2026","18:00","Instagram","I charge $5k for work that takes 2 hours. That's the point.

Clients pay for the 10 years of skill compressed into those 2 hours.

Most you've charged for under-2-hour work? ⬇️

🤖 Designed by Claude Code · auto-published via GoHighLevel + n8n. Zero manual clicks.

#Skynetlabs #Waseemnasir #NomadCEO #FreelancerLife #PricingStrategy #AgencyLife #ValueBased #Solopreneur #Consultants #BusinessGrowth","[GHL_CDN_URL]/charge-5k-2-hours-freelance-pricing-strategy.png","More systems like this → https://skynetjoe.com/?utm_source=social&utm_medium=post&utm_campaign=batch2&utm_content=charge-5k-2-hours-freelance-pricing-strategy

Drop questions below, I reply to every one. — Waseem"
"05/10/2026","09:00","LinkedIn","I charge $5k for work that takes 2 hours. That's the point.

Clients pay for the 10 years of skill compressed into those 2 hours.

Most you've charged for under-2-hour work?

🤖 Designed by Claude Code · auto-published via GoHighLevel + n8n. Zero manual clicks.

#Skynetlabs #Waseemnasir #NomadCEO #FreelancerLife #PricingStrategy","[GHL_CDN_URL]/charge-5k-2-hours-freelance-pricing-strategy.png","More systems like this → https://skynetjoe.com/?utm_source=social&utm_medium=post&utm_campaign=batch2&utm_content=charge-5k-2-hours-freelance-pricing-strategy

Drop questions below, I reply to every one. — Waseem"
"05/10/2026","19:00","Facebook","I charge $5k for work that takes 2 hours. That's the point.

Clients pay for the 10 years of skill compressed into those 2 hours.

Most you've charged for under-2-hour work? 👇

🤖 Designed by Claude Code · auto-published via GoHighLevel + n8n. Zero manual clicks.

#Skynetlabs #Waseemnasir #NomadCEO","[GHL_CDN_URL]/charge-5k-2-hours-freelance-pricing-strategy.png",""
"05/10/2026","12:00","Twitter","I charge $5k for work that takes 2 hours. That's the point.

Most you've charged for under-2-hour work?

#Skynetlabs #Waseemnasir","[GHL_CDN_URL]/charge-5k-2-hours-freelance-pricing-strategy.png",""
"05/10/2026","20:00","Pinterest","I charge $5k for work that takes 2 hours. That's the point. — Clients pay for the 10 years of skill compressed into those 2 hours. Most you've charged for under-2-hour work? Designed by Claude Code, auto-published via GoHighLevel + n8n. #Skynetlabs #Waseemnasir #NomadCEO","[GHL_CDN_URL]/charge-5k-2-hours-freelance-pricing-strategy.png",""
"05/11/2026","18:00","Instagram","Cold email: 1.2%. AI-personalized DMs: 14%. Same list. Same offer. Only variable: the agent.

The era of 'spray and pray' is dead.

Which outreach channel actually works for you? ⬇️

🤖 Designed by Claude Code · auto-published via GoHighLevel + n8n. Zero manual clicks.

#Skynetlabs #Waseemnasir #NomadCEO #ColdOutreach #SalesAutomation #AIPersonalization #B2BSales #LeadGen #FounderLife #AIAutomation","[GHL_CDN_URL]/cold-email-vs-ai-dms-14-percent-outreach.png","More systems like this → https://skynetjoe.com/?utm_source=social&utm_medium=post&utm_campaign=batch2&utm_content=cold-email-vs-ai-dms-14-percent-outreach

Drop questions below, I reply to every one. — Waseem"
"05/11/2026","09:00","LinkedIn","Cold email: 1.2%. AI-personalized DMs: 14%. Same list. Same offer. Only variable: the agent.

The era of 'spray and pray' is dead.

Which outreach channel actually works for you?

🤖 Designed by Claude Code · auto-published via GoHighLevel + n8n. Zero manual clicks.

#Skynetlabs #Waseemnasir #NomadCEO #ColdOutreach #SalesAutomation","[GHL_CDN_URL]/cold-email-vs-ai-dms-14-percent-outreach.png","More systems like this → https://skynetjoe.com/?utm_source=social&utm_medium=post&utm_campaign=batch2&utm_content=cold-email-vs-ai-dms-14-percent-outreach

Drop questions below, I reply to every one. — Waseem"
"05/11/2026","19:00","Facebook","Cold email: 1.2%. AI-personalized DMs: 14%. Same list. Same offer. Only variable: the agent.

The era of 'spray and pray' is dead.

Which outreach channel actually works for you? 👇

🤖 Designed by Claude Code · auto-published via GoHighLevel + n8n. Zero manual clicks.

#Skynetlabs #Waseemnasir #NomadCEO","[GHL_CDN_URL]/cold-email-vs-ai-dms-14-percent-outreach.png",""
"05/11/2026","12:00","Twitter","Cold email: 1.2%. AI-personalized DMs: 14%. Same list. Same offer. Only variable: the agent.

Which outreach channel actually works for you?

#Skynetlabs #Waseemnasir","[GHL_CDN_URL]/cold-email-vs-ai-dms-14-percent-outreach.png",""
"05/11/2026","20:00","Pinterest","Cold email: 1.2%. AI-personalized DMs: 14%. Same list. Same offer. Only variable: the agent. — The era of 'spray and pray' is dead. Which outreach channel actually works for you? Designed by Claude Code, auto-published via GoHighLevel + n8n. #Skynetlabs #Waseemnasir #NomadCEO","[GHL_CDN_URL]/cold-email-vs-ai-dms-14-percent-outreach.png",""
"05/12/2026","18:00","Instagram","AI won't replace you. People using AI will.

~18 months before 'I don't use AI' sounds like 'I don't use email' did in 2005.

What's honestly stopping you from daily AI use? ⬇️

🤖 Designed by Claude Code · auto-published via GoHighLevel + n8n. Zero manual clicks.

#Skynetlabs #Waseemnasir #NomadCEO #AI2026 #FutureOfWork #AIAdoption #AIAutomation #CareerAdvice #Solopreneur #BuildInPublic","[GHL_CDN_URL]/ai-wont-replace-you-people-using-ai-will.png","More systems like this → https://skynetjoe.com/?utm_source=social&utm_medium=post&utm_campaign=batch2&utm_content=ai-wont-replace-you-people-using-ai-will

Drop questions below, I reply to every one. — Waseem"
"05/12/2026","09:00","LinkedIn","AI won't replace you. People using AI will.

~18 months before 'I don't use AI' sounds like 'I don't use email' did in 2005.

What's honestly stopping you from daily AI use?

🤖 Designed by Claude Code · auto-published via GoHighLevel + n8n. Zero manual clicks.

#Skynetlabs #Waseemnasir #NomadCEO #AI2026 #FutureOfWork","[GHL_CDN_URL]/ai-wont-replace-you-people-using-ai-will.png","More systems like this → https://skynetjoe.com/?utm_source=social&utm_medium=post&utm_campaign=batch2&utm_content=ai-wont-replace-you-people-using-ai-will

Drop questions below, I reply to every one. — Waseem"
"05/12/2026","19:00","Facebook","AI won't replace you. People using AI will.

~18 months before 'I don't use AI' sounds like 'I don't use email' did in 2005.

What's honestly stopping you from daily AI use? 👇

🤖 Designed by Claude Code · auto-published via GoHighLevel + n8n. Zero manual clicks.

#Skynetlabs #Waseemnasir #NomadCEO","[GHL_CDN_URL]/ai-wont-replace-you-people-using-ai-will.png",""
"05/12/2026","12:00","Twitter","AI won't replace you. People using AI will.

What's honestly stopping you from daily AI use?

#Skynetlabs #Waseemnasir","[GHL_CDN_URL]/ai-wont-replace-you-people-using-ai-will.png",""
"05/12/2026","20:00","Pinterest","AI won't replace you. People using AI will. — ~18 months before 'I don't use AI' sounds like 'I don't use email' did in 2005. What's honestly stopping you from daily AI use? Designed by Claude Code, auto-published via GoHighLevel + n8n. #Skynetlabs #Waseemnasir #NomadCEO","[GHL_CDN_URL]/ai-wont-replace-you-people-using-ai-will.png",""
"05/13/2026","18:00","Instagram","Stop learning. Start shipping.

The 47th tutorial won't make you an expert. Shipping an ugly v1 will.

What are you 'learning' instead of shipping? ⬇️

🤖 Designed by Claude Code · auto-published via GoHighLevel + n8n. Zero manual clicks.

#Skynetlabs #Waseemnasir #NomadCEO #ShipFast #BuildInPublic #LearnByDoing #IndieHackers #Solopreneur #MVP #MakerMindset","[GHL_CDN_URL]/stop-learning-start-shipping-builder-mindset.png","More systems like this → https://skynetjoe.com/?utm_source=social&utm_medium=post&utm_campaign=batch2&utm_content=stop-learning-start-shipping-builder-mindset

Drop questions below, I reply to every one. — Waseem"
"05/13/2026","09:00","LinkedIn","Stop learning. Start shipping.

The 47th tutorial won't make you an expert. Shipping an ugly v1 will.

What are you 'learning' instead of shipping?

🤖 Designed by Claude Code · auto-published via GoHighLevel + n8n. Zero manual clicks.

#Skynetlabs #Waseemnasir #NomadCEO #ShipFast #BuildInPublic","[GHL_CDN_URL]/stop-learning-start-shipping-builder-mindset.png","More systems like this → https://skynetjoe.com/?utm_source=social&utm_medium=post&utm_campaign=batch2&utm_content=stop-learning-start-shipping-builder-mindset

Drop questions below, I reply to every one. — Waseem"
"05/13/2026","19:00","Facebook","Stop learning. Start shipping.

The 47th tutorial won't make you an expert. Shipping an ugly v1 will.

What are you 'learning' instead of shipping? 👇

🤖 Designed by Claude Code · auto-published via GoHighLevel + n8n. Zero manual clicks.

#Skynetlabs #Waseemnasir #NomadCEO","[GHL_CDN_URL]/stop-learning-start-shipping-builder-mindset.png",""
"05/13/2026","12:00","Twitter","Stop learning. Start shipping.

What are you 'learning' instead of shipping?

#Skynetlabs #Waseemnasir","[GHL_CDN_URL]/stop-learning-start-shipping-builder-mindset.png",""
"05/13/2026","20:00","Pinterest","Stop learning. Start shipping. — The 47th tutorial won't make you an expert. Shipping an ugly v1 will. What are you 'learning' instead of shipping? Designed by Claude Code, auto-published via GoHighLevel + n8n. #Skynetlabs #Waseemnasir #NomadCEO","[GHL_CDN_URL]/stop-learning-start-shipping-builder-mindset.png",""
"05/14/2026","18:00","Instagram","Me: 51-node n8n workflow. Them: still opening Excel. Client: 'how are you 10x faster?' Me: agents. lots of agents.

Your stack is either n8n + agents — or it's slowly obsolete.

First thing you'd automate with 1 free hour? ⬇️

🤖 Designed by Claude Code · auto-published via GoHighLevel + n8n. Zero manual clicks.

#Skynetlabs #Waseemnasir #NomadCEO #n8n #AIAutomation #NoCode #WorkflowAutomation #AIAgents #Solopreneur #FounderLife","[GHL_CDN_URL]/n8n-51-nodes-vs-excel-workflow-automation.png","More systems like this → https://skynetjoe.com/?utm_source=social&utm_medium=post&utm_campaign=batch2&utm_content=n8n-51-nodes-vs-excel-workflow-automation

Drop questions below, I reply to every one. — Waseem"
"05/14/2026","09:00","LinkedIn","Me: 51-node n8n workflow. Them: still opening Excel. Client: 'how are you 10x faster?' Me: agents. lots of agents.

Your stack is either n8n + agents — or it's slowly obsolete.

First thing you'd automate with 1 free hour?

🤖 Designed by Claude Code · auto-published via GoHighLevel + n8n. Zero manual clicks.

#Skynetlabs #Waseemnasir #NomadCEO #n8n #AIAutomation","[GHL_CDN_URL]/n8n-51-nodes-vs-excel-workflow-automation.png","More systems like this → https://skynetjoe.com/?utm_source=social&utm_medium=post&utm_campaign=batch2&utm_content=n8n-51-nodes-vs-excel-workflow-automation

Drop questions below, I reply to every one. — Waseem"
"05/14/2026","19:00","Facebook","Me: 51-node n8n workflow. Them: still opening Excel. Client: 'how are you 10x faster?' Me: agents. lots of agents.

Your stack is either n8n + agents — or it's slowly obsolete.

First thing you'd automate with 1 free hour? 👇

🤖 Designed by Claude Code · auto-published via GoHighLevel + n8n. Zero manual clicks.

#Skynetlabs #Waseemnasir #NomadCEO","[GHL_CDN_URL]/n8n-51-nodes-vs-excel-workflow-automation.png",""
"05/14/2026","12:00","Twitter","Me: 51-node n8n workflow. Them: still opening Excel. Client: 'how are you 10x faster?' Me: agents. lots of agents.

First thing you'd automate with 1 free hour?

#Skynetlabs #Waseemnasir","[GHL_CDN_URL]/n8n-51-nodes-vs-excel-workflow-automation.png",""
"05/14/2026","20:00","Pinterest","Me: 51-node n8n workflow. Them: still opening Excel. Client: 'how are you 10x faster?' Me: agents. lots of agents. — Your stack is either n8n + agents — or it's slowly obsolete. First thing you'd automate with 1 free hour? Designed by Claude Code, auto-published via GoHighLevel + n8n. #Skynetlabs #Waseemnasir #NomadCEO","[GHL_CDN_URL]/n8n-51-nodes-vs-excel-workflow-automation.png",""
"05/15/2026","18:00","Instagram","Talent is leverage. Agents are leverage squared.

A solo who wires agents outships a 10-person agency.

One task you'd clone into an agent today? ⬇️

🤖 Designed by Claude Code · auto-published via GoHighLevel + n8n. Zero manual clicks.

#Skynetlabs #Waseemnasir #NomadCEO #SoloFounder #AIAgents #Leverage #AIAutomation #BuildInPublic #Solopreneur #FounderLife","[GHL_CDN_URL]/agents-leverage-squared-solo-founder-50k.png","More systems like this → https://skynetjoe.com/?utm_source=social&utm_medium=post&utm_campaign=batch2&utm_content=agents-leverage-squared-solo-founder-50k

Drop questions below, I reply to every one. — Waseem"
"05/15/2026","09:00","LinkedIn","Talent is leverage. Agents are leverage squared.

A solo who wires agents outships a 10-person agency.

One task you'd clone into an agent today?

🤖 Designed by Claude Code · auto-published via GoHighLevel + n8n. Zero manual clicks.

#Skynetlabs #Waseemnasir #NomadCEO #SoloFounder #AIAgents","[GHL_CDN_URL]/agents-leverage-squared-solo-founder-50k.png","More systems like this → https://skynetjoe.com/?utm_source=social&utm_medium=post&utm_campaign=batch2&utm_content=agents-leverage-squared-solo-founder-50k

Drop questions below, I reply to every one. — Waseem"
"05/15/2026","19:00","Facebook","Talent is leverage. Agents are leverage squared.

A solo who wires agents outships a 10-person agency.

One task you'd clone into an agent today? 👇

🤖 Designed by Claude Code · auto-published via GoHighLevel + n8n. Zero manual clicks.

#Skynetlabs #Waseemnasir #NomadCEO","[GHL_CDN_URL]/agents-leverage-squared-solo-founder-50k.png",""
"05/15/2026","12:00","Twitter","Talent is leverage. Agents are leverage squared.

One task you'd clone into an agent today?

#Skynetlabs #Waseemnasir","[GHL_CDN_URL]/agents-leverage-squared-solo-founder-50k.png",""
"05/15/2026","20:00","Pinterest","Talent is leverage. Agents are leverage squared. — A solo who wires agents outships a 10-person agency. One task you'd clone into an agent today? Designed by Claude Code, auto-published via GoHighLevel + n8n. #Skynetlabs #Waseemnasir #NomadCEO","[GHL_CDN_URL]/agents-leverage-squared-solo-founder-50k.png",""
"05/16/2026","18:00","Instagram","Sold 25 digital products while in Bali. Laptop was in Pakistan.

Location doesn't matter. Timezone doesn't matter. Systems matter.

Ever made money while offline? Story? ⬇️

🤖 Designed by Claude Code · auto-published via GoHighLevel + n8n. Zero manual clicks.

#Skynetlabs #Waseemnasir #NomadCEO #PassiveIncome #DigitalProducts #DigitalNomad #RemoteLife #Solopreneur #BuildInPublic #Automation","[GHL_CDN_URL]/25-digital-products-sold-bali-nomad-ceo.png","More systems like this → https://skynetjoe.com/?utm_source=social&utm_medium=post&utm_campaign=batch2&utm_content=25-digital-products-sold-bali-nomad-ceo

Drop questions below, I reply to every one. — Waseem"
"05/16/2026","09:00","LinkedIn","Sold 25 digital products while in Bali. Laptop was in Pakistan.

Location doesn't matter. Timezone doesn't matter. Systems matter.

Ever made money while offline? Story?

🤖 Designed by Claude Code · auto-published via GoHighLevel + n8n. Zero manual clicks.

#Skynetlabs #Waseemnasir #NomadCEO #PassiveIncome #DigitalProducts","[GHL_CDN_URL]/25-digital-products-sold-bali-nomad-ceo.png","More systems like this → https://skynetjoe.com/?utm_source=social&utm_medium=post&utm_campaign=batch2&utm_content=25-digital-products-sold-bali-nomad-ceo

Drop questions below, I reply to every one. — Waseem"
"05/16/2026","19:00","Facebook","Sold 25 digital products while in Bali. Laptop was in Pakistan.

Location doesn't matter. Timezone doesn't matter. Systems matter.

Ever made money while offline? Story? 👇

🤖 Designed by Claude Code · auto-published via GoHighLevel + n8n. Zero manual clicks.

#Skynetlabs #Waseemnasir #NomadCEO","[GHL_CDN_URL]/25-digital-products-sold-bali-nomad-ceo.png",""
"05/16/2026","12:00","Twitter","Sold 25 digital products while in Bali. Laptop was in Pakistan.

Ever made money while offline? Story?

#Skynetlabs #Waseemnasir","[GHL_CDN_URL]/25-digital-products-sold-bali-nomad-ceo.png",""
"05/16/2026","20:00","Pinterest","Sold 25 digital products while in Bali. Laptop was in Pakistan. — Location doesn't matter. Timezone doesn't matter. Systems matter. Ever made money while offline? Story? Designed by Claude Code, auto-published via GoHighLevel + n8n. #Skynetlabs #Waseemnasir #NomadCEO","[GHL_CDN_URL]/25-digital-products-sold-bali-nomad-ceo.png",""
"05/17/2026","18:00","Instagram","The skill you're sleeping on in 2026: prompt engineering.

Not coding. Not design. The skill of telling a machine what you want — precisely.

One skill you feel you're late on? ⬇️

🤖 Designed by Claude Code · auto-published via GoHighLevel + n8n. Zero manual clicks.

#Skynetlabs #Waseemnasir #NomadCEO #PromptEngineering #AI2026 #FutureSkills #AIAutomation #CareerAdvice #Solopreneur #BuildInPublic","[GHL_CDN_URL]/prompt-engineering-skill-2026-future-work.png","More systems like this → https://skynetjoe.com/?utm_source=social&utm_medium=post&utm_campaign=batch2&utm_content=prompt-engineering-skill-2026-future-work

Drop questions below, I reply to every one. — Waseem"
"05/17/2026","09:00","LinkedIn","The skill you're sleeping on in 2026: prompt engineering.

Not coding. Not design. The skill of telling a machine what you want — precisely.

One skill you feel you're late on?

🤖 Designed by Claude Code · auto-published via GoHighLevel + n8n. Zero manual clicks.

#Skynetlabs #Waseemnasir #NomadCEO #PromptEngineering #AI2026","[GHL_CDN_URL]/prompt-engineering-skill-2026-future-work.png","More systems like this → https://skynetjoe.com/?utm_source=social&utm_medium=post&utm_campaign=batch2&utm_content=prompt-engineering-skill-2026-future-work

Drop questions below, I reply to every one. — Waseem"
"05/17/2026","19:00","Facebook","The skill you're sleeping on in 2026: prompt engineering.

Not coding. Not design. The skill of telling a machine what you want — precisely.

One skill you feel you're late on? 👇

🤖 Designed by Claude Code · auto-published via GoHighLevel + n8n. Zero manual clicks.

#Skynetlabs #Waseemnasir #NomadCEO","[GHL_CDN_URL]/prompt-engineering-skill-2026-future-work.png",""
"05/17/2026","12:00","Twitter","The skill you're sleeping on in 2026: prompt engineering.

One skill you feel you're late on?

#Skynetlabs #Waseemnasir","[GHL_CDN_URL]/prompt-engineering-skill-2026-future-work.png",""
"05/17/2026","20:00","Pinterest","The skill you're sleeping on in 2026: prompt engineering. — Not coding. Not design. The skill of telling a machine what you want — precisely. One skill you feel you're late on? Designed by Claude Code, auto-published via GoHighLevel + n8n. #Skynetlabs #Waseemnasir #NomadCEO","[GHL_CDN_URL]/prompt-engineering-skill-2026-future-work.png",""
"05/18/2026","18:00","Instagram","Hot take: Upwork is dead. Long live outbound.

If your business depends on someone else's platform — you don't have a business. You have a hobby with extra steps.

Where do your best clients actually find you? ⬇️

🤖 Designed by Claude Code · auto-published via GoHighLevel + n8n. Zero manual clicks.

#Skynetlabs #Waseemnasir #NomadCEO #Outbound #LeadGen #FreelancerLife #OwnYourAudience #B2BSales #Solopreneur #BuildInPublic","[GHL_CDN_URL]/upwork-dead-outbound-lead-gen-freelancer.png","More systems like this → https://skynetjoe.com/?utm_source=social&utm_medium=post&utm_campaign=batch2&utm_content=upwork-dead-outbound-lead-gen-freelancer

Drop questions below, I reply to every one. — Waseem"
"05/18/2026","09:00","LinkedIn","Hot take: Upwork is dead. Long live outbound.

If your business depends on someone else's platform — you don't have a business. You have a hobby with extra steps.

Where do your best clients actually find you?

🤖 Designed by Claude Code · auto-published via GoHighLevel + n8n. Zero manual clicks.

#Skynetlabs #Waseemnasir #NomadCEO #Outbound #LeadGen","[GHL_CDN_URL]/upwork-dead-outbound-lead-gen-freelancer.png","More systems like this → https://skynetjoe.com/?utm_source=social&utm_medium=post&utm_campaign=batch2&utm_content=upwork-dead-outbound-lead-gen-freelancer

Drop questions below, I reply to every one. — Waseem"
"05/18/2026","19:00","Facebook","Hot take: Upwork is dead. Long live outbound.

If your business depends on someone else's platform — you don't have a business. You have a hobby with extra steps.

Where do your best clients actually find you? 👇

🤖 Designed by Claude Code · auto-published via GoHighLevel + n8n. Zero manual clicks.

#Skynetlabs #Waseemnasir #NomadCEO","[GHL_CDN_URL]/upwork-dead-outbound-lead-gen-freelancer.png",""
"05/18/2026","12:00","Twitter","Hot take: Upwork is dead. Long live outbound.

Where do your best clients actually find you?

#Skynetlabs #Waseemnasir","[GHL_CDN_URL]/upwork-dead-outbound-lead-gen-freelancer.png",""
"05/18/2026","20:00","Pinterest","Hot take: Upwork is dead. Long live outbound. — If your business depends on someone else's platform — you don't have a business. You have a hobby with extra steps. Where do your best clients actually find you? Designed by Claude Code, auto-published via GoHighLevel + n8n. #Skynetlabs #Waseemnasir #NomadCEO","[GHL_CDN_URL]/upwork-dead-outbound-lead-gen-freelancer.png",""
"05/19/2026","18:00","Instagram","Founder ships 8 projects in one day. Truth: I didn't write 8. I orchestrated them. Claude drafted. n8n routed. Remotion rendered.

The new title isn't 'founder.' It's 'conductor.'

8 projects/day — believable or capped at 3? ⬇️

🤖 Designed by Claude Code · auto-published via GoHighLevel + n8n. Zero manual clicks.

#Skynetlabs #Waseemnasir #NomadCEO #AIOrchestration #Productivity #SoloFounder #AIAgents #BuildInPublic #FounderLife #AIAutomation","[GHL_CDN_URL]/ai-orchestration-8-projects-one-day-founder.png","More systems like this → https://skynetjoe.com/?utm_source=social&utm_medium=post&utm_campaign=batch2&utm_content=ai-orchestration-8-projects-one-day-founder

Drop questions below, I reply to every one. — Waseem"
"05/19/2026","09:00","LinkedIn","Founder ships 8 projects in one day. Truth: I didn't write 8. I orchestrated them. Claude drafted. n8n routed. Remotion rendered.

The new title isn't 'founder.' It's 'conductor.'

8 projects/day — believable or capped at 3?

🤖 Designed by Claude Code · auto-published via GoHighLevel + n8n. Zero manual clicks.

#Skynetlabs #Waseemnasir #NomadCEO #AIOrchestration #Productivity","[GHL_CDN_URL]/ai-orchestration-8-projects-one-day-founder.png","More systems like this → https://skynetjoe.com/?utm_source=social&utm_medium=post&utm_campaign=batch2&utm_content=ai-orchestration-8-projects-one-day-founder

Drop questions below, I reply to every one. — Waseem"
"05/19/2026","19:00","Facebook","Founder ships 8 projects in one day. Truth: I didn't write 8. I orchestrated them. Claude drafted. n8n routed. Remotion rendered.

The new title isn't 'founder.' It's 'conductor.'

8 projects/day — believable or capped at 3? 👇

🤖 Designed by Claude Code · auto-published via GoHighLevel + n8n. Zero manual clicks.

#Skynetlabs #Waseemnasir #NomadCEO","[GHL_CDN_URL]/ai-orchestration-8-projects-one-day-founder.png",""
"05/19/2026","12:00","Twitter","Founder ships 8 projects in one day. Truth: I didn't write 8. I orchestrated them. Claude drafted. n8n routed. Remotion rendered.

8 projects/day — believable or capped at 3?

#Skynetlabs #Waseemnasir","[GHL_CDN_URL]/ai-orchestration-8-projects-one-day-founder.png",""
"05/19/2026","20:00","Pinterest","Founder ships 8 projects in one day. Truth: I didn't write 8. I orchestrated them. Claude drafted. n8n routed. Remotion rendered. — The new title isn't 'founder.' It's 'conductor.' 8 projects/day — believable or capped at 3? Designed by Claude Code, auto-published via GoHighLevel + n8n. #Skynetlabs #Waseemnasir #NomadCEO","[GHL_CDN_URL]/ai-orchestration-8-projects-one-day-founder.png",""
"05/20/2026","18:00","Instagram","Built in Bali. Sold in New York.

Old play: move where money is. New play: send systems where money is, stay where you love.

Where are you building from? Drop your city. ⬇️

🤖 Designed by Claude Code · auto-published via GoHighLevel + n8n. Zero manual clicks.

#Skynetlabs #Waseemnasir #NomadCEO #DigitalNomad #RemoteLife #BuildFromAnywhere #FounderLife #Solopreneur #RemoteWork #BuildInPublic","[GHL_CDN_URL]/built-bali-sold-new-york-remote-nomad-ceo.png","More systems like this → https://skynetjoe.com/?utm_source=social&utm_medium=post&utm_campaign=batch2&utm_content=built-bali-sold-new-york-remote-nomad-ceo

Drop questions below, I reply to every one. — Waseem"
"05/20/2026","09:00","LinkedIn","Built in Bali. Sold in New York.

Old play: move where money is. New play: send systems where money is, stay where you love.

Where are you building from? Drop your city.

🤖 Designed by Claude Code · auto-published via GoHighLevel + n8n. Zero manual clicks.

#Skynetlabs #Waseemnasir #NomadCEO #DigitalNomad #RemoteLife","[GHL_CDN_URL]/built-bali-sold-new-york-remote-nomad-ceo.png","More systems like this → https://skynetjoe.com/?utm_source=social&utm_medium=post&utm_campaign=batch2&utm_content=built-bali-sold-new-york-remote-nomad-ceo

Drop questions below, I reply to every one. — Waseem"
"05/20/2026","19:00","Facebook","Built in Bali. Sold in New York.

Old play: move where money is. New play: send systems where money is, stay where you love.

Where are you building from? Drop your city. 👇

🤖 Designed by Claude Code · auto-published via GoHighLevel + n8n. Zero manual clicks.

#Skynetlabs #Waseemnasir #NomadCEO","[GHL_CDN_URL]/built-bali-sold-new-york-remote-nomad-ceo.png",""
"05/20/2026","12:00","Twitter","Built in Bali. Sold in New York.

Where are you building from? Drop your city.

#Skynetlabs #Waseemnasir","[GHL_CDN_URL]/built-bali-sold-new-york-remote-nomad-ceo.png",""
"05/20/2026","20:00","Pinterest","Built in Bali. Sold in New York. — Old play: move where money is. New play: send systems where money is, stay where you love. Where are you building from? Drop your city. Designed by Claude Code, auto-published via GoHighLevel + n8n. #Skynetlabs #Waseemnasir #NomadCEO","[GHL_CDN_URL]/built-bali-sold-new-york-remote-nomad-ceo.png",""
